Service Name,Slug,Service Icon,Small Icon,Thumbnail Image,Brand Context,Homepage Featured,Display Order,Category Group,Starting Price,Focus Keywords,SEO Title,Meta Description,Short Description,Full Generic Content,Features List,Process Steps,Amritsar Title,Amritsar Meta Description,Amritsar Content,Amritsar CTA,Amritsar FAQs,Delhi Title,Delhi Meta Description,Delhi Content,Delhi CTA,Delhi FAQs,Packages JSON
Wedding Photography,wedding-photography,💍,💍,,both,True,10,wedding,"₹1,50,000","wedding photographer, wedding photography, luxury wedding photography",Luxury Wedding Photography by {brand_name} | Editorial Wedding Stories,"Document your wedding story with luxury, editorial elegance. {brand_name} captures unscripted emotions and grand celebrations across Amritsar and Delhi NCR.","Luxury editorial wedding photography documenting unscripted emotion, structural compositions, and authentic love stories with a strict 100% Identity Promise.","In the field of high-end visual documentation, the art of <strong>Wedding Photography</strong> represents a profound alignment of technical precision, creative vision, and emotional sensitivity. When undertaking a professional assignment, the modern digital creator must recognize that client expectations have shifted from basic documentative photography to an immersive, editorial narrative. A truly premium visual story does not merely record a timeline of events; it elevates everyday interactions, fleeting emotions, and subtle architectural spaces into an exquisite heirloom collection. At our luxury studios, we treat every single frame as a distinct canvas, utilizing advanced optical designs and strict capture guidelines to achieve this standard of visual excellence. We have designed a cohesive approach that balances soft, ambient lighting with crisp focus fields, ensuring that your final galleries feel noticeability premium, alive, and emotionally resonant.

To achieve an editorial look that rivals international publications, the technical production phase must be managed with absolute diligence. Our professional gear lists feature dual-slot mirrorless systems, including the Nikon Z6 III and Sony FX3 cinema platforms, which capture immense dynamic range. We utilize prime lens systems with wide maximum apertures, enabling our crew to control focus fields tightly and produce smooth background separation. This technical depth is particularly vital during key moments of <strong>Wedding Photography</strong>, as it allows us to isolate subjects cleanly from busy visual backdrops. Beyond equipment, light coordination is the true benchmark of luxury photography. Whether we are utilizing the soft golden sun of early evening or employing our custom-balanced off-camera flash units, we balance highlight gradients carefully to preserve natural skin textures and color fidelity.

Our commitment to authenticity is represented by our 100% Identity Promise. In an era where artificial intelligence and synthetic filters are frequently used to modify human appearances, we have chosen a different path. We guarantee that your final portraits will be entirely free of digital face-swapping, artificial skin whitening, or computer-generated facial alterations. Our post-production pipeline focuses exclusively on clean color correction, highlight reclamation, and micro-contrast enhancement. This ensures that the individuals in our photographs look like themselves on their absolute best day — preserving their genuine identity, expressions, and natural beauty. Our clients trust us because they know their legacy albums will reflect their true visual identity, capturing their milestones with honesty and grace.

The planning phase is the foundation upon which all successful visual stories are built. Long before our crew arrives on set, we conduct thorough styling, conceptual coordination, and venue walkthroughs. During this stage, we analyze color stories, architectural angles, and light directions to formulate a definitive shoot plan. We believe that proper wardrobe coordination is essential for creating high-end imagery; we recommend neutral palettes, jewel tones, and fine fabrics that complement rather than clash with the environment. By aligning styling variables early, we allow the session day to flow with relaxed ease, giving the subjects the space to act naturally and enjoy the experience. This collaborative process ensures that there are no surprises, only beautiful, unforced moments that capture your true chemistry.

During an active shoot session, our crew operates with structured discretion. Rather than directing subjects into rigid, uncomfortable poses, we use natural prompts that elicit genuine smiles, quiet glances, and authentic laughter. This approach is particularly effective for <strong>Wedding Photography</strong>, where emotional resonance is the ultimate goal. We observe local details, clothing textures, and light reflections, capturing the complete atmosphere of the event. Our team remains attentive and prepared, anticipating key moments to ensure they are recorded with perfect timing. By maintaining a calm, supportive presence, we enable our subjects to build rapport with the camera, yielding relaxed, editorial imagery that speaks volumes.

Post-production is where the raw files are crafted into their final, signature look. Our dedicated editing team reviews the complete set, culling duplicates to compile a cohesive, narrative sequence. We apply custom-built color profiles that enhance warm amber tones and rich dark gradients while maintaining perfect color balance. Every selected image undergoes careful highlight adjustments to ensure that the delicate details of wedding gowns, family heirlooms, or child smiles are visible. The final collection is uploaded to a secure, password-protected private gallery portal, allowing you to download high-resolution files and share them with loved ones easily. We also offer custom-designed fine-art albums, printed on archival cotton papers and hand-bound in leather, ensuring your milestones survive as physical legacies.

Investing in professional photography is ultimately an investment in your family's visual legacy. As years pass, digital links may be updated, but a physical fine-art album remains a permanent centerpiece of your home. It becomes the tangible record that future generations will explore to connect with your story, trace their roots, and feel the love and joy of your milestones. Our dual-branch structure across Delhi NCR and Amritsar allows us to deliver this premium standard of service across Northern India with consistent operational excellence. We limit our seasonal bookings strictly to guarantee that every client receives our complete focus and creative energy, resulting in a bespoke product that represents the peak of modern luxury visual art.","Full day coverage of all primary wedding ceremonies and rituals
Lead documentary photographer and secondary candid shooter
High-resolution edited digital gallery with private online access
Full dual-card real-time data redundancy across all camera units
Pre-wedding consultation and conceptual planning session
Bespoke hand-crafted fine-art wedding album (40 pages)","Conceptual Consultation & Storyboarding
On-Location Setup & Multi-Angle Coverage
Real-Time Dual-Card Safe Backup
Meticulous Culling & Editorial Color Grading
Private Digital Access & Fine-Art Album Delivery",Luxury Wedding Photography in Amritsar | Fine-Art Photographer,Document your wedding photography in Amritsar. {brand_name} offers premium editorial photography capturing authentic moments across Punjab.,"For families and couples seeking a premium <strong>Wedding Photography in Amritsar</strong>, the historical landscape of Punjab offers an unparalleled backdrop. Amritsar is not merely a location; it is a profound visual canvas rich with cultural weight, textured brick architecture, and golden solar gradients. When documenting milestones here, our Amritsar branch crew utilizes the unique geometry of heritage locations, including the fortress walls of Fort Gobindgarh, the rustic arches of old-city havelis, and the serene manicured grounds of Ram Bagh. The warm, terracotta brickwork and historic wooden doors of Punjab provide a natural color contrast when paired with modern, elegant wardrobe choices. By planning shoots around the sun's trajectory in these open environments, we leverage soft light to sculpt faces naturally, maintaining complete identity accuracy without the need for artificial filters.

Executing high-end photography in Amritsar requires a deep understanding of local light behavior and peak seasonal timing. The golden hour in Amritsar is famously soft, delivering a warm amber glow that enhances skin tones and highlights clothing details beautifully. Our local team conducts detailed scouting of locations like Ranjit Avenue, heritage haveli estates, and luxury hotels such as Hyatt Regency Amritsar and Taj Swarna. This allows us to map lighting patterns and shadows in advance, ensuring our Nikon Z6 III and Sony FX3 systems are calibrated perfectly for the local environment. We schedule sessions during the early morning or late afternoon hours when the sun is low, avoiding the harsh overhead shadows of midday and providing our clients with a relaxed, comfortable experience.

Our Amritsar studio is fully equipped to deliver the highest international standards of luxury photography. For maternity, newborn, and baby photoshoot sessions, we maintain a strictly sanitized, temperature-controlled environment that follows medical-grade hygiene protocols. All props, organic wraps, and clothing sets are thoroughly sanitized between sessions to ensure the complete safety of your little ones. Our local Amritsar team is dedicated to preserving the authentic spirit of Punjab, documenting family legacies, joyful milestones, and wedding celebrations with unretouched honesty. We invite you to visit our Ranjit Avenue studio to explore our physical fine-art albums and discuss how we can document your legacy story beautifully.",<p>Ready to capture your wedding photography in the heritage city of Amritsar? Connect with our Ranjit Avenue studio today via WhatsApp or our booking form to check date availability and review packages.</p>,"[{""question"": ""What is your turnaround time for final wedding photography photos?"", ""answer"": ""We deliver a highlight gallery within 7 days of the shoot. The complete, fully edited digital collection is delivered within 6 to 8 weeks, ensuring high-end retouching standards."", ""order"": 1}, {""question"": ""What is your policy on RAW / unedited wedding photography files?"", ""answer"": ""To maintain our brand standards and editorial quality, we do not release raw or unedited files. Every photograph in your gallery is carefully culled, color-balanced, and polished."", ""order"": 2}, {""question"": ""Do you travel for wedding photography sessions outside Delhi or Amritsar?"", ""answer"": ""Yes, our team frequently travels across India and internationally for assignments. Travel and accommodation fees are quoted transparently during booking."", ""order"": 3}, {""question"": ""How do you ensure data security during the wedding photography photoshoot?"", ""answer"": ""Our primary cameras record to dual card slots in real-time, providing immediate data redundancy. All files are immediately copied to encrypted local drives at the end of the session."", ""order"": 4}, {""question"": ""What wardrobe styles do you recommend for wedding photography?"", ""answer"": ""We recommend solid, cohesive tones (jewel colors, neutral shades, or soft pastels) and styling that avoids busy patterns. A wardrobe guide is shared prior to the shoot."", ""order"": 5}, {""question"": ""Can we customize our wedding photography packages?"", ""answer"": ""Absolutely. We offer tailored collections that adapt to your schedule, coverage needs, and specific print album requirements. Let us know your vision during your consultation."", ""order"": 6}, {""question"": ""What is your 100% Identity Promise?"", ""answer"": ""We pledge never to alter your facial features, whiten skin artificially, or apply synthetic face-swapping filters. We capture you naturally and authentically, at your absolute best."", ""order"": 7}, {""question"": ""How far in advance should we book?"", ""answer"": ""We recommend booking 3 to 6 months in advance for standard portraits, and 6 to 12 months in advance for peak wedding season commissions."", ""order"": 8}, {""question"": ""Do you offer custom print albums?"", ""answer"": ""Yes, we source hand-crafted, fine-art albums printed on archival paper. We custom-design the layout for each couple or family to deliver a true heirloom product."", ""order"": 9}, {""question"": ""Is makeup and hair styling included?"", ""answer"": ""Depending on the package, makeup and hair services can be bundled or coordinated with our partner stylists. We assist in styling recommendations for all sessions."", ""order"": 10}]",Premium Wedding Photography Delhi NCR | Editorial Photography,Looking for a luxury photographer for wedding photography in Delhi NCR? Contact {brand_name} for high-end portraits and cinematic films.,"The sprawling metropolitan landscape of Delhi NCR offers a dynamic mix of architectural eras, grand estates, and lush manicured parks, making it a spectacular canvas for <strong>Wedding Photography in Delhi NCR</strong>. From the clean, symmetrical geometry of Lutyens' Delhi and the artistic murals of the Lodhi Art District to the grand, high-ceiling ballrooms of Chanakyapuri and the sprawling farmhouses of Chattarpur, the visual choices are virtually limitless. Our Delhi NCR branch crew specializes in composing editorial portraits that utilize these diverse backdrops to tell sophisticated, modern stories. We select locations that provide ample physical depth, allowing us to use telephoto lenses to create a soft, creamy background blur that isolates our subjects beautifully against the city's lines.

Operating a luxury photography house in the capital region requires exceptional logistical planning and technical adaptiveness. The ambient light of Delhi NCR is highly variable, affected by seasonal changes and metropolitan textures. To capture pristine imagery, our Delhi crew leverages a combination of natural golden-hour sunlight and advanced, color-balanced off-camera lighting arrays. When shooting inside elite venues like Taj Palace Delhi, The Leela Ambience Gurugram, or ITC Maurya, we sync our flash units to match the ambient warm light of the ballrooms, ensuring skin tones remain natural and free of distracting color casts. This meticulous approach to lighting allows us to deliver high-resolution files that maintain incredible detail across highlights and deep shadows alike.

Our Delhi NCR branch serves Gurugram, Noida, South Delhi, Aerocity, and surrounding areas, delivering a seamless, premium client experience from the initial consultation to the final gallery delivery. Whether you are hosting a grand wedding gala at a luxury farmhouse or scheduling an intimate milestone photoshoot in our professional studio, we apply the same strict standards of safety, privacy, and artistic integrity. We offer a strict 100% Identity Promise, guaranteeing your photographs will feature zero artificial face-swapping or skin whitening, preserving your true essence. Contact our Delhi NCR studio today to discuss custom shoot concepts, verify date availability, and begin planning your visual legacy.","<p>Plan your editorial wedding photography session in Delhi NCR. Get in touch with our metropolitan branch to discuss locations, custom styling guidelines, and package options.</p>","[{""question"": ""What is your turnaround time for final wedding photography photos?"", ""answer"": ""We deliver a highlight gallery within 7 days of the shoot. The complete, fully edited digital collection is delivered within 6 to 8 weeks, ensuring high-end retouching standards."", ""order"": 1}, {""question"": ""What is your policy on RAW / unedited wedding photography files?"", ""answer"": ""To maintain our brand standards and editorial quality, we do not release raw or unedited files. Every photograph in your gallery is carefully culled, color-balanced, and polished."", ""order"": 2}, {""question"": ""Do you travel for wedding photography sessions outside Delhi or Amritsar?"", ""answer"": ""Yes, our team frequently travels across India and internationally for assignments. Travel and accommodation fees are quoted transparently during booking."", ""order"": 3}, {""question"": ""How do you ensure data security during the wedding photography photoshoot?"", ""answer"": ""Our primary cameras record to dual card slots in real-time, providing immediate data redundancy. All files are immediately copied to encrypted local drives at the end of the session."", ""order"": 4}, {""question"": ""What wardrobe styles do you recommend for wedding photography?"", ""answer"": ""We recommend solid, cohesive tones (jewel colors, neutral shades, or soft pastels) and styling that avoids busy patterns. A wardrobe guide is shared prior to the shoot."", ""order"": 5}, {""question"": ""Can we customize our wedding photography packages?"", ""answer"": ""Absolutely. We offer tailored collections that adapt to your schedule, coverage needs, and specific print album requirements. Let us know your vision during your consultation."", ""order"": 6}, {""question"": ""What is your 100% Identity Promise?"", ""answer"": ""We pledge never to alter your facial features, whiten skin artificially, or apply synthetic face-swapping filters. We capture you naturally and authentically, at your absolute best."", ""order"": 7}, {""question"": ""How far in advance should we book?"", ""answer"": ""We recommend booking 3 to 6 months in advance for standard portraits, and 6 to 12 months in advance for peak wedding season commissions."", ""order"": 8}, {""question"": ""Do you offer custom print albums?"", ""answer"": ""Yes, we source hand-crafted, fine-art albums printed on archival paper. We custom-design the layout for each couple or family to deliver a true heirloom product."", ""order"": 9}, {""question"": ""Is makeup and hair styling included?"", ""answer"": ""Depending on the package, makeup and hair services can be bundled or coordinated with our partner stylists. We assist in styling recommendations for all sessions."", ""order"": 10}]","[{""name"": ""Editorial Collection"", ""price"": ""₹1,50,000"", ""description"": ""A sophisticated wedding photography package designed for premium digital delivery and basic print needs."", ""features"": [""Up to 4 hours of dedicated on-location session coverage"", ""Fully retouched high-resolution digital files"", ""Private online gallery with password-protected sharing access"", ""Pre-shoot wardrobe and conceptual concept briefing"", ""Dual-card real-time backup security""]}, {""name"": ""Royal Heirloom Collection"", ""price"": ""₹240,000"", ""description"": ""Our signature full-service wedding photography collection providing absolute coverage, comprehensive styling, and custom physical legacy albums."", ""features"": [""Full day session coverage (up to 8 hours)"", ""Complete high-resolution digital archive with print release"", ""Custom designed, hand-bound leather fine-art album (40 pages)"", ""16x24 premium canvas wall print ready for display"", ""Complimentary behind-the-scenes cinematic teaser video reel"", ""Dedicated primary and secondary camera operators""]}]"
Wedding Cinematography,wedding-cinematography,🎥,🎥,,both,True,20,wedding,"₹2,00,000","wedding cinematography, wedding filmmaker, wedding film, cinematic wedding",Cinematic Wedding Films & Documentaries | {brand_name} Cinema,"Breathtaking cinematic wedding films shot on Sony FX3 systems. Editorial pacing, Dolby audio, and emotional storytelling by {brand_name}.","High-end cinema-grade wedding cinematography capturing sound, movement, and emotion with Sony FX3 systems and a proprietary editing formula.","In the field of high-end visual documentation, the art of <strong>Wedding Cinematography</strong> represents a profound alignment of technical precision, creative vision, and emotional sensitivity. When undertaking a professional assignment, the modern digital creator must recognize that client expectations have shifted from basic documentative photography to an immersive, editorial narrative. A truly premium visual story does not merely record a timeline of events; it elevates everyday interactions, fleeting emotions, and subtle architectural spaces into an exquisite heirloom collection. At our luxury studios, we treat every single frame as a distinct canvas, utilizing advanced optical designs and strict capture guidelines to achieve this standard of visual excellence. We have designed a cohesive approach that balances soft, ambient lighting with crisp focus fields, ensuring that your final galleries feel noticeability premium, alive, and emotionally resonant.

To achieve an editorial look that rivals international publications, the technical production phase must be managed with absolute diligence. Our professional gear lists feature dual-slot mirrorless systems, including the Nikon Z6 III and Sony FX3 cinema platforms, which capture immense dynamic range. We utilize prime lens systems with wide maximum apertures, enabling our crew to control focus fields tightly and produce smooth background separation. This technical depth is particularly vital during key moments of <strong>Wedding Cinematography</strong>, as it allows us to isolate subjects cleanly from busy visual backdrops. Beyond equipment, light coordination is the true benchmark of luxury photography. Whether we are utilizing the soft golden sun of early evening or employing our custom-balanced off-camera flash units, we balance highlight gradients carefully to preserve natural skin textures and color fidelity.

Our commitment to authenticity is represented by our 100% Identity Promise. In an era where artificial intelligence and synthetic filters are frequently used to modify human appearances, we have chosen a different path. We guarantee that your final portraits will be entirely free of digital face-swapping, artificial skin whitening, or computer-generated facial alterations. Our post-production pipeline focuses exclusively on clean color correction, highlight reclamation, and micro-contrast enhancement. This ensures that the individuals in our photographs look like themselves on their absolute best day — preserving their genuine identity, expressions, and natural beauty. Our clients trust us because they know their legacy albums will reflect their true visual identity, capturing their milestones with honesty and grace.

The planning phase is the foundation upon which all successful visual stories are built. Long before our crew arrives on set, we conduct thorough styling, conceptual coordination, and venue walkthroughs. During this stage, we analyze color stories, architectural angles, and light directions to formulate a definitive shoot plan. We believe that proper wardrobe coordination is essential for creating high-end imagery; we recommend neutral palettes, jewel tones, and fine fabrics that complement rather than clash with the environment. By aligning styling variables early, we allow the session day to flow with relaxed ease, giving the subjects the space to act naturally and enjoy the experience. This collaborative process ensures that there are no surprises, only beautiful, unforced moments that capture your true chemistry.

During an active shoot session, our crew operates with structured discretion. Rather than directing subjects into rigid, uncomfortable poses, we use natural prompts that elicit genuine smiles, quiet glances, and authentic laughter. This approach is particularly effective for <strong>Wedding Cinematography</strong>, where emotional resonance is the ultimate goal. We observe local details, clothing textures, and light reflections, capturing the complete atmosphere of the event. Our team remains attentive and prepared, anticipating key moments to ensure they are recorded with perfect timing. By maintaining a calm, supportive presence, we enable our subjects to build rapport with the camera, yielding relaxed, editorial imagery that speaks volumes.

Post-production is where the raw files are crafted into their final, signature look. Our dedicated editing team reviews the complete set, culling duplicates to compile a cohesive, narrative sequence. We apply custom-built color profiles that enhance warm amber tones and rich dark gradients while maintaining perfect color balance. Every selected image undergoes careful highlight adjustments to ensure that the delicate details of wedding gowns, family heirlooms, or child smiles are visible. The final collection is uploaded to a secure, password-protected private gallery portal, allowing you to download high-resolution files and share them with loved ones easily. We also offer custom-designed fine-art albums, printed on archival cotton papers and hand-bound in leather, ensuring your milestones survive as physical legacies.

Investing in professional photography is ultimately an investment in your family's visual legacy. As years pass, digital links may be updated, but a physical fine-art album remains a permanent centerpiece of your home. It becomes the tangible record that future generations will explore to connect with your story, trace their roots, and feel the love and joy of your milestones. Our dual-branch structure across Delhi NCR and Amritsar allows us to deliver this premium standard of service across Northern India with consistent operational excellence. We limit our seasonal bookings strictly to guarantee that every client receives our complete focus and creative energy, resulting in a bespoke product that represents the peak of modern luxury visual art.","Sony FX3 cinema line camera systems and prime lens kits
Bespoke audio capture of vows, speeches, and ambient sound
Cinematic 3-5 minute teaser trailer for social distribution
Full-length 15-20 minute editorial wedding documentary film
Drone aerial footage for establishing venue context
Premium color grading using custom cinema-grade LUTs","Sound & Audio Design Planning
On-Set Camera & Lighting Operations
Daily Sound-Synced Backups
Narrative Editing & Score Selection
Color Grading & Audio Mastering",Luxury Wedding Cinematography in Amritsar | Fine-Art Photographer,Document your wedding cinematography in Amritsar. {brand_name} offers premium editorial photography capturing authentic moments across Punjab.,"For families and couples seeking a premium <strong>Wedding Cinematography in Amritsar</strong>, the historical landscape of Punjab offers an unparalleled backdrop. Amritsar is not merely a location; it is a profound visual canvas rich with cultural weight, textured brick architecture, and golden solar gradients. When documenting milestones here, our Amritsar branch crew utilizes the unique geometry of heritage locations, including the fortress walls of Fort Gobindgarh, the rustic arches of old-city havelis, and the serene manicured grounds of Ram Bagh. The warm, terracotta brickwork and historic wooden doors of Punjab provide a natural color contrast when paired with modern, elegant wardrobe choices. By planning shoots around the sun's trajectory in these open environments, we leverage soft light to sculpt faces naturally, maintaining complete identity accuracy without the need for artificial filters.

Executing high-end photography in Amritsar requires a deep understanding of local light behavior and peak seasonal timing. The golden hour in Amritsar is famously soft, delivering a warm amber glow that enhances skin tones and highlights clothing details beautifully. Our local team conducts detailed scouting of locations like Ranjit Avenue, heritage haveli estates, and luxury hotels such as Hyatt Regency Amritsar and Taj Swarna. This allows us to map lighting patterns and shadows in advance, ensuring our Nikon Z6 III and Sony FX3 systems are calibrated perfectly for the local environment. We schedule sessions during the early morning or late afternoon hours when the sun is low, avoiding the harsh overhead shadows of midday and providing our clients with a relaxed, comfortable experience.

Our Amritsar studio is fully equipped to deliver the highest international standards of luxury photography. For maternity, newborn, and baby photoshoot sessions, we maintain a strictly sanitized, temperature-controlled environment that follows medical-grade hygiene protocols. All props, organic wraps, and clothing sets are thoroughly sanitized between sessions to ensure the complete safety of your little ones. Our local Amritsar team is dedicated to preserving the authentic spirit of Punjab, documenting family legacies, joyful milestones, and wedding celebrations with unretouched honesty. We invite you to visit our Ranjit Avenue studio to explore our physical fine-art albums and discuss how we can document your legacy story beautifully.",<p>Ready to capture your wedding cinematography in the heritage city of Amritsar? Connect with our Ranjit Avenue studio today via WhatsApp or our booking form to check date availability and review packages.</p>,"[{""question"": ""What is your turnaround time for final wedding cinematography photos?"", ""answer"": ""We deliver a highlight gallery within 7 days of the shoot. The complete, fully edited digital collection is delivered within 6 to 8 weeks, ensuring high-end retouching standards."", ""order"": 1}, {""question"": ""What is your policy on RAW / unedited wedding cinematography files?"", ""answer"": ""To maintain our brand standards and editorial quality, we do not release raw or unedited files. Every photograph in your gallery is carefully culled, color-balanced, and polished."", ""order"": 2}, {""question"": ""Do you travel for wedding cinematography sessions outside Delhi or Amritsar?"", ""answer"": ""Yes, our team frequently travels across India and internationally for assignments. Travel and accommodation fees are quoted transparently during booking."", ""order"": 3}, {""question"": ""How do you ensure data security during the wedding cinematography photoshoot?"", ""answer"": ""Our primary cameras record to dual card slots in real-time, providing immediate data redundancy. All files are immediately copied to encrypted local drives at the end of the session."", ""order"": 4}, {""question"": ""What wardrobe styles do you recommend for wedding cinematography?"", ""answer"": ""We recommend solid, cohesive tones (jewel colors, neutral shades, or soft pastels) and styling that avoids busy patterns. A wardrobe guide is shared prior to the shoot."", ""order"": 5}, {""question"": ""Can we customize our wedding cinematography packages?"", ""answer"": ""Absolutely. We offer tailored collections that adapt to your schedule, coverage needs, and specific print album requirements. Let us know your vision during your consultation."", ""order"": 6}, {""question"": ""What is your 100% Identity Promise?"", ""answer"": ""We pledge never to alter your facial features, whiten skin artificially, or apply synthetic face-swapping filters. We capture you naturally and authentically, at your absolute best."", ""order"": 7}, {""question"": ""How far in advance should we book?"", ""answer"": ""We recommend booking 3 to 6 months in advance for standard portraits, and 6 to 12 months in advance for peak wedding season commissions."", ""order"": 8}, {""question"": ""Do you offer custom print albums?"", ""answer"": ""Yes, we source hand-crafted, fine-art albums printed on archival paper. We custom-design the layout for each couple or family to deliver a true heirloom product."", ""order"": 9}, {""question"": ""Is makeup and hair styling included?"", ""answer"": ""Depending on the package, makeup and hair services can be bundled or coordinated with our partner stylists. We assist in styling recommendations for all sessions."", ""order"": 10}]",Premium Wedding Cinematography Delhi NCR | Editorial Photography,Looking for a luxury photographer for wedding cinematography in Delhi NCR? Contact {brand_name} for high-end portraits and cinematic films.,"The sprawling metropolitan landscape of Delhi NCR offers a dynamic mix of architectural eras, grand estates, and lush manicured parks, making it a spectacular canvas for <strong>Wedding Cinematography in Delhi NCR</strong>. From the clean, symmetrical geometry of Lutyens' Delhi and the artistic murals of the Lodhi Art District to the grand, high-ceiling ballrooms of Chanakyapuri and the sprawling farmhouses of Chattarpur, the visual choices are virtually limitless. Our Delhi NCR branch crew specializes in composing editorial portraits that utilize these diverse backdrops to tell sophisticated, modern stories. We select locations that provide ample physical depth, allowing us to use telephoto lenses to create a soft, creamy background blur that isolates our subjects beautifully against the city's lines.

Operating a luxury photography house in the capital region requires exceptional logistical planning and technical adaptiveness. The ambient light of Delhi NCR is highly variable, affected by seasonal changes and metropolitan textures. To capture pristine imagery, our Delhi crew leverages a combination of natural golden-hour sunlight and advanced, color-balanced off-camera lighting arrays. When shooting inside elite venues like Taj Palace Delhi, The Leela Ambience Gurugram, or ITC Maurya, we sync our flash units to match the ambient warm light of the ballrooms, ensuring skin tones remain natural and free of distracting color casts. This meticulous approach to lighting allows us to deliver high-resolution files that maintain incredible detail across highlights and deep shadows alike.

Our Delhi NCR branch serves Gurugram, Noida, South Delhi, Aerocity, and surrounding areas, delivering a seamless, premium client experience from the initial consultation to the final gallery delivery. Whether you are hosting a grand wedding gala at a luxury farmhouse or scheduling an intimate milestone photoshoot in our professional studio, we apply the same strict standards of safety, privacy, and artistic integrity. We offer a strict 100% Identity Promise, guaranteeing your photographs will feature zero artificial face-swapping or skin whitening, preserving your true essence. Contact our Delhi NCR studio today to discuss custom shoot concepts, verify date availability, and begin planning your visual legacy.","<p>Plan your editorial wedding cinematography session in Delhi NCR. Get in touch with our metropolitan branch to discuss locations, custom styling guidelines, and package options.</p>","[{""question"": ""What is your turnaround time for final wedding cinematography photos?"", ""answer"": ""We deliver a highlight gallery within 7 days of the shoot. The complete, fully edited digital collection is delivered within 6 to 8 weeks, ensuring high-end retouching standards."", ""order"": 1}, {""question"": ""What is your policy on RAW / unedited wedding cinematography files?"", ""answer"": ""To maintain our brand standards and editorial quality, we do not release raw or unedited files. Every photograph in your gallery is carefully culled, color-balanced, and polished."", ""order"": 2}, {""question"": ""Do you travel for wedding cinematography sessions outside Delhi or Amritsar?"", ""answer"": ""Yes, our team frequently travels across India and internationally for assignments. Travel and accommodation fees are quoted transparently during booking."", ""order"": 3}, {""question"": ""How do you ensure data security during the wedding cinematography photoshoot?"", ""answer"": ""Our primary cameras record to dual card slots in real-time, providing immediate data redundancy. All files are immediately copied to encrypted local drives at the end of the session."", ""order"": 4}, {""question"": ""What wardrobe styles do you recommend for wedding cinematography?"", ""answer"": ""We recommend solid, cohesive tones (jewel colors, neutral shades, or soft pastels) and styling that avoids busy patterns. A wardrobe guide is shared prior to the shoot."", ""order"": 5}, {""question"": ""Can we customize our wedding cinematography packages?"", ""answer"": ""Absolutely. We offer tailored collections that adapt to your schedule, coverage needs, and specific print album requirements. Let us know your vision during your consultation."", ""order"": 6}, {""question"": ""What is your 100% Identity Promise?"", ""answer"": ""We pledge never to alter your facial features, whiten skin artificially, or apply synthetic face-swapping filters. We capture you naturally and authentically, at your absolute best."", ""order"": 7}, {""question"": ""How far in advance should we book?"", ""answer"": ""We recommend booking 3 to 6 months in advance for standard portraits, and 6 to 12 months in advance for peak wedding season commissions."", ""order"": 8}, {""question"": ""Do you offer custom print albums?"", ""answer"": ""Yes, we source hand-crafted, fine-art albums printed on archival paper. We custom-design the layout for each couple or family to deliver a true heirloom product."", ""order"": 9}, {""question"": ""Is makeup and hair styling included?"", ""answer"": ""Depending on the package, makeup and hair services can be bundled or coordinated with our partner stylists. We assist in styling recommendations for all sessions."", ""order"": 10}]","[{""name"": ""Editorial Collection"", ""price"": ""₹2,00,000"", ""description"": ""A sophisticated wedding cinematography package designed for premium digital delivery and basic print needs."", ""features"": [""Up to 4 hours of dedicated on-location session coverage"", ""Fully retouched high-resolution digital files"", ""Private online gallery with password-protected sharing access"", ""Pre-shoot wardrobe and conceptual concept briefing"", ""Dual-card real-time backup security""]}, {""name"": ""Royal Heirloom Collection"", ""price"": ""₹320,000"", ""description"": ""Our signature full-service wedding cinematography collection providing absolute coverage, comprehensive styling, and custom physical legacy albums."", ""features"": [""Full day session coverage (up to 8 hours)"", ""Complete high-resolution digital archive with print release"", ""Custom designed, hand-bound leather fine-art album (40 pages)"", ""16x24 premium canvas wall print ready for display"", ""Complimentary behind-the-scenes cinematic teaser video reel"", ""Dedicated primary and secondary camera operators""]}]"
Pre Wedding Photography,pre-wedding-photography,📸,📸,,both,True,30,wedding,"₹75,000","pre wedding shoot, pre wedding photography, creative pre wedding shoot",Creative Pre Wedding Photography | Fine-Art Love Stories by {brand_name},Tell your unique love story with a creative pre-wedding photoshoot. Styled conceptual sessions in heritage backdrops and luxury environments.,"Bespoke conceptual pre-wedding shoots set in historic backdrops and natural light landscapes, capturing your visual chemistry with editorial elegance.","In the field of high-end visual documentation, the art of <strong>Pre Wedding Photography</strong> represents a profound alignment of technical precision, creative vision, and emotional sensitivity. When undertaking a professional assignment, the modern digital creator must recognize that client expectations have shifted from basic documentative photography to an immersive, editorial narrative. A truly premium visual story does not merely record a timeline of events; it elevates everyday interactions, fleeting emotions, and subtle architectural spaces into an exquisite heirloom collection. At our luxury studios, we treat every single frame as a distinct canvas, utilizing advanced optical designs and strict capture guidelines to achieve this standard of visual excellence. We have designed a cohesive approach that balances soft, ambient lighting with crisp focus fields, ensuring that your final galleries feel noticeability premium, alive, and emotionally resonant.

To achieve an editorial look that rivals international publications, the technical production phase must be managed with absolute diligence. Our professional gear lists feature dual-slot mirrorless systems, including the Nikon Z6 III and Sony FX3 cinema platforms, which capture immense dynamic range. We utilize prime lens systems with wide maximum apertures, enabling our crew to control focus fields tightly and produce smooth background separation. This technical depth is particularly vital during key moments of <strong>Pre Wedding Photography</strong>, as it allows us to isolate subjects cleanly from busy visual backdrops. Beyond equipment, light coordination is the true benchmark of luxury photography. Whether we are utilizing the soft golden sun of early evening or employing our custom-balanced off-camera flash units, we balance highlight gradients carefully to preserve natural skin textures and color fidelity.

Our commitment to authenticity is represented by our 100% Identity Promise. In an era where artificial intelligence and synthetic filters are frequently used to modify human appearances, we have chosen a different path. We guarantee that your final portraits will be entirely free of digital face-swapping, artificial skin whitening, or computer-generated facial alterations. Our post-production pipeline focuses exclusively on clean color correction, highlight reclamation, and micro-contrast enhancement. This ensures that the individuals in our photographs look like themselves on their absolute best day — preserving their genuine identity, expressions, and natural beauty. Our clients trust us because they know their legacy albums will reflect their true visual identity, capturing their milestones with honesty and grace.

The planning phase is the foundation upon which all successful visual stories are built. Long before our crew arrives on set, we conduct thorough styling, conceptual coordination, and venue walkthroughs. During this stage, we analyze color stories, architectural angles, and light directions to formulate a definitive shoot plan. We believe that proper wardrobe coordination is essential for creating high-end imagery; we recommend neutral palettes, jewel tones, and fine fabrics that complement rather than clash with the environment. By aligning styling variables early, we allow the session day to flow with relaxed ease, giving the subjects the space to act naturally and enjoy the experience. This collaborative process ensures that there are no surprises, only beautiful, unforced moments that capture your true chemistry.

During an active shoot session, our crew operates with structured discretion. Rather than directing subjects into rigid, uncomfortable poses, we use natural prompts that elicit genuine smiles, quiet glances, and authentic laughter. This approach is particularly effective for <strong>Pre Wedding Photography</strong>, where emotional resonance is the ultimate goal. We observe local details, clothing textures, and light reflections, capturing the complete atmosphere of the event. Our team remains attentive and prepared, anticipating key moments to ensure they are recorded with perfect timing. By maintaining a calm, supportive presence, we enable our subjects to build rapport with the camera, yielding relaxed, editorial imagery that speaks volumes.

Post-production is where the raw files are crafted into their final, signature look. Our dedicated editing team reviews the complete set, culling duplicates to compile a cohesive, narrative sequence. We apply custom-built color profiles that enhance warm amber tones and rich dark gradients while maintaining perfect color balance. Every selected image undergoes careful highlight adjustments to ensure that the delicate details of wedding gowns, family heirlooms, or child smiles are visible. The final collection is uploaded to a secure, password-protected private gallery portal, allowing you to download high-resolution files and share them with loved ones easily. We also offer custom-designed fine-art albums, printed on archival cotton papers and hand-bound in leather, ensuring your milestones survive as physical legacies.

Investing in professional photography is ultimately an investment in your family's visual legacy. As years pass, digital links may be updated, but a physical fine-art album remains a permanent centerpiece of your home. It becomes the tangible record that future generations will explore to connect with your story, trace their roots, and feel the love and joy of your milestones. Our dual-branch structure across Delhi NCR and Amritsar allows us to deliver this premium standard of service across Northern India with consistent operational excellence. We limit our seasonal bookings strictly to guarantee that every client receives our complete focus and creative energy, resulting in a bespoke product that represents the peak of modern luxury visual art.","Multi-location scouting and customized shoot planning
Up to three curated outfit modifications and styling consults
High-resolution retouched digital files via online gallery
Bespoke visual theme creation matching your relationship narrative
Cinematic 9:16 vertical reel optimized for mobile platforms
Behind-the-scenes video highlight compilation","Theme Conception & Wardrobe Planning
Location Selection & Permit Coordination
Bespoke Golden Hour Shoot Execution
Fine-Art Retouching & Color Profiling
Digital Gallery Delivery",Luxury Pre Wedding Photography in Amritsar | Fine-Art Photographer,Document your pre wedding photography in Amritsar. {brand_name} offers premium editorial photography capturing authentic moments across Punjab.,"For families and couples seeking a premium <strong>Pre Wedding Photography in Amritsar</strong>, the historical landscape of Punjab offers an unparalleled backdrop. Amritsar is not merely a location; it is a profound visual canvas rich with cultural weight, textured brick architecture, and golden solar gradients. When documenting milestones here, our Amritsar branch crew utilizes the unique geometry of heritage locations, including the fortress walls of Fort Gobindgarh, the rustic arches of old-city havelis, and the serene manicured grounds of Ram Bagh. The warm, terracotta brickwork and historic wooden doors of Punjab provide a natural color contrast when paired with modern, elegant wardrobe choices. By planning shoots around the sun's trajectory in these open environments, we leverage soft light to sculpt faces naturally, maintaining complete identity accuracy without the need for artificial filters.

Executing high-end photography in Amritsar requires a deep understanding of local light behavior and peak seasonal timing. The golden hour in Amritsar is famously soft, delivering a warm amber glow that enhances skin tones and highlights clothing details beautifully. Our local team conducts detailed scouting of locations like Ranjit Avenue, heritage haveli estates, and luxury hotels such as Hyatt Regency Amritsar and Taj Swarna. This allows us to map lighting patterns and shadows in advance, ensuring our Nikon Z6 III and Sony FX3 systems are calibrated perfectly for the local environment. We schedule sessions during the early morning or late afternoon hours when the sun is low, avoiding the harsh overhead shadows of midday and providing our clients with a relaxed, comfortable experience.

Our Amritsar studio is fully equipped to deliver the highest international standards of luxury photography. For maternity, newborn, and baby photoshoot sessions, we maintain a strictly sanitized, temperature-controlled environment that follows medical-grade hygiene protocols. All props, organic wraps, and clothing sets are thoroughly sanitized between sessions to ensure the complete safety of your little ones. Our local Amritsar team is dedicated to preserving the authentic spirit of Punjab, documenting family legacies, joyful milestones, and wedding celebrations with unretouched honesty. We invite you to visit our Ranjit Avenue studio to explore our physical fine-art albums and discuss how we can document your legacy story beautifully.",<p>Ready to capture your pre wedding photography in the heritage city of Amritsar? Connect with our Ranjit Avenue studio today via WhatsApp or our booking form to check date availability and review packages.</p>,"[{""question"": ""What is your turnaround time for final pre wedding photography photos?"", ""answer"": ""We deliver a highlight gallery within 7 days of the shoot. The complete, fully edited digital collection is delivered within 6 to 8 weeks, ensuring high-end retouching standards."", ""order"": 1}, {""question"": ""What is your policy on RAW / unedited pre wedding photography files?"", ""answer"": ""To maintain our brand standards and editorial quality, we do not release raw or unedited files. Every photograph in your gallery is carefully culled, color-balanced, and polished."", ""order"": 2}, {""question"": ""Do you travel for pre wedding photography sessions outside Delhi or Amritsar?"", ""answer"": ""Yes, our team frequently travels across India and internationally for assignments. Travel and accommodation fees are quoted transparently during booking."", ""order"": 3}, {""question"": ""How do you ensure data security during the pre wedding photography photoshoot?"", ""answer"": ""Our primary cameras record to dual card slots in real-time, providing immediate data redundancy. All files are immediately copied to encrypted local drives at the end of the session."", ""order"": 4}, {""question"": ""What wardrobe styles do you recommend for pre wedding photography?"", ""answer"": ""We recommend solid, cohesive tones (jewel colors, neutral shades, or soft pastels) and styling that avoids busy patterns. A wardrobe guide is shared prior to the shoot."", ""order"": 5}, {""question"": ""Can we customize our pre wedding photography packages?"", ""answer"": ""Absolutely. We offer tailored collections that adapt to your schedule, coverage needs, and specific print album requirements. Let us know your vision during your consultation."", ""order"": 6}, {""question"": ""What is your 100% Identity Promise?"", ""answer"": ""We pledge never to alter your facial features, whiten skin artificially, or apply synthetic face-swapping filters. We capture you naturally and authentically, at your absolute best."", ""order"": 7}, {""question"": ""How far in advance should we book?"", ""answer"": ""We recommend booking 3 to 6 months in advance for standard portraits, and 6 to 12 months in advance for peak wedding season commissions."", ""order"": 8}, {""question"": ""Do you offer custom print albums?"", ""answer"": ""Yes, we source hand-crafted, fine-art albums printed on archival paper. We custom-design the layout for each couple or family to deliver a true heirloom product."", ""order"": 9}, {""question"": ""Is makeup and hair styling included?"", ""answer"": ""Depending on the package, makeup and hair services can be bundled or coordinated with our partner stylists. We assist in styling recommendations for all sessions."", ""order"": 10}]",Premium Pre Wedding Photography Delhi NCR | Editorial Photography,Looking for a luxury photographer for pre wedding photography in Delhi NCR? Contact {brand_name} for high-end portraits and cinematic films.,"The sprawling metropolitan landscape of Delhi NCR offers a dynamic mix of architectural eras, grand estates, and lush manicured parks, making it a spectacular canvas for <strong>Pre Wedding Photography in Delhi NCR</strong>. From the clean, symmetrical geometry of Lutyens' Delhi and the artistic murals of the Lodhi Art District to the grand, high-ceiling ballrooms of Chanakyapuri and the sprawling farmhouses of Chattarpur, the visual choices are virtually limitless. Our Delhi NCR branch crew specializes in composing editorial portraits that utilize these diverse backdrops to tell sophisticated, modern stories. We select locations that provide ample physical depth, allowing us to use telephoto lenses to create a soft, creamy background blur that isolates our subjects beautifully against the city's lines.

Operating a luxury photography house in the capital region requires exceptional logistical planning and technical adaptiveness. The ambient light of Delhi NCR is highly variable, affected by seasonal changes and metropolitan textures. To capture pristine imagery, our Delhi crew leverages a combination of natural golden-hour sunlight and advanced, color-balanced off-camera lighting arrays. When shooting inside elite venues like Taj Palace Delhi, The Leela Ambience Gurugram, or ITC Maurya, we sync our flash units to match the ambient warm light of the ballrooms, ensuring skin tones remain natural and free of distracting color casts. This meticulous approach to lighting allows us to deliver high-resolution files that maintain incredible detail across highlights and deep shadows alike.

Our Delhi NCR branch serves Gurugram, Noida, South Delhi, Aerocity, and surrounding areas, delivering a seamless, premium client experience from the initial consultation to the final gallery delivery. Whether you are hosting a grand wedding gala at a luxury farmhouse or scheduling an intimate milestone photoshoot in our professional studio, we apply the same strict standards of safety, privacy, and artistic integrity. We offer a strict 100% Identity Promise, guaranteeing your photographs will feature zero artificial face-swapping or skin whitening, preserving your true essence. Contact our Delhi NCR studio today to discuss custom shoot concepts, verify date availability, and begin planning your visual legacy.","<p>Plan your editorial pre wedding photography session in Delhi NCR. Get in touch with our metropolitan branch to discuss locations, custom styling guidelines, and package options.</p>","[{""question"": ""What is your turnaround time for final pre wedding photography photos?"", ""answer"": ""We deliver a highlight gallery within 7 days of the shoot. The complete, fully edited digital collection is delivered within 6 to 8 weeks, ensuring high-end retouching standards."", ""order"": 1}, {""question"": ""What is your policy on RAW / unedited pre wedding photography files?"", ""answer"": ""To maintain our brand standards and editorial quality, we do not release raw or unedited files. Every photograph in your gallery is carefully culled, color-balanced, and polished."", ""order"": 2}, {""question"": ""Do you travel for pre wedding photography sessions outside Delhi or Amritsar?"", ""answer"": ""Yes, our team frequently travels across India and internationally for assignments. Travel and accommodation fees are quoted transparently during booking."", ""order"": 3}, {""question"": ""How do you ensure data security during the pre wedding photography photoshoot?"", ""answer"": ""Our primary cameras record to dual card slots in real-time, providing immediate data redundancy. All files are immediately copied to encrypted local drives at the end of the session."", ""order"": 4}, {""question"": ""What wardrobe styles do you recommend for pre wedding photography?"", ""answer"": ""We recommend solid, cohesive tones (jewel colors, neutral shades, or soft pastels) and styling that avoids busy patterns. A wardrobe guide is shared prior to the shoot."", ""order"": 5}, {""question"": ""Can we customize our pre wedding photography packages?"", ""answer"": ""Absolutely. We offer tailored collections that adapt to your schedule, coverage needs, and specific print album requirements. Let us know your vision during your consultation."", ""order"": 6}, {""question"": ""What is your 100% Identity Promise?"", ""answer"": ""We pledge never to alter your facial features, whiten skin artificially, or apply synthetic face-swapping filters. We capture you naturally and authentically, at your absolute best."", ""order"": 7}, {""question"": ""How far in advance should we book?"", ""answer"": ""We recommend booking 3 to 6 months in advance for standard portraits, and 6 to 12 months in advance for peak wedding season commissions."", ""order"": 8}, {""question"": ""Do you offer custom print albums?"", ""answer"": ""Yes, we source hand-crafted, fine-art albums printed on archival paper. We custom-design the layout for each couple or family to deliver a true heirloom product."", ""order"": 9}, {""question"": ""Is makeup and hair styling included?"", ""answer"": ""Depending on the package, makeup and hair services can be bundled or coordinated with our partner stylists. We assist in styling recommendations for all sessions."", ""order"": 10}]","[{""name"": ""Editorial Collection"", ""price"": ""₹75,000"", ""description"": ""A sophisticated pre wedding photography package designed for premium digital delivery and basic print needs."", ""features"": [""Up to 4 hours of dedicated on-location session coverage"", ""Fully retouched high-resolution digital files"", ""Private online gallery with password-protected sharing access"", ""Pre-shoot wardrobe and conceptual concept briefing"", ""Dual-card real-time backup security""]}, {""name"": ""Royal Heirloom Collection"", ""price"": ""₹120,000"", ""description"": ""Our signature full-service pre wedding photography collection providing absolute coverage, comprehensive styling, and custom physical legacy albums."", ""features"": [""Full day session coverage (up to 8 hours)"", ""Complete high-resolution digital archive with print release"", ""Custom designed, hand-bound leather fine-art album (40 pages)"", ""16x24 premium canvas wall print ready for display"", ""Complimentary behind-the-scenes cinematic teaser video reel"", ""Dedicated primary and secondary camera operators""]}]"
Destination Wedding Photography,destination-wedding-photography,✈️,✈️,,both,True,40,wedding,"₹2,50,000","destination wedding photographer, destination wedding photography, luxury destination wedding",Luxury Destination Wedding Photographer | {brand_name} Global,Award-winning destination wedding photography. We travel globally from Rajasthan palaces to beachside retreats to capture your luxury wedding.,"Globally available destination wedding photography capturing your celebration in historic palaces, tropical beaches, or alpine retreats with standard-setting quality.","In the field of high-end visual documentation, the art of <strong>Destination Wedding Photography</strong> represents a profound alignment of technical precision, creative vision, and emotional sensitivity. When undertaking a professional assignment, the modern digital creator must recognize that client expectations have shifted from basic documentative photography to an immersive, editorial narrative. A truly premium visual story does not merely record a timeline of events; it elevates everyday interactions, fleeting emotions, and subtle architectural spaces into an exquisite heirloom collection. At our luxury studios, we treat every single frame as a distinct canvas, utilizing advanced optical designs and strict capture guidelines to achieve this standard of visual excellence. We have designed a cohesive approach that balances soft, ambient lighting with crisp focus fields, ensuring that your final galleries feel noticeability premium, alive, and emotionally resonant.

To achieve an editorial look that rivals international publications, the technical production phase must be managed with absolute diligence. Our professional gear lists feature dual-slot mirrorless systems, including the Nikon Z6 III and Sony FX3 cinema platforms, which capture immense dynamic range. We utilize prime lens systems with wide maximum apertures, enabling our crew to control focus fields tightly and produce smooth background separation. This technical depth is particularly vital during key moments of <strong>Destination Wedding Photography</strong>, as it allows us to isolate subjects cleanly from busy visual backdrops. Beyond equipment, light coordination is the true benchmark of luxury photography. Whether we are utilizing the soft golden sun of early evening or employing our custom-balanced off-camera flash units, we balance highlight gradients carefully to preserve natural skin textures and color fidelity.

Our commitment to authenticity is represented by our 100% Identity Promise. In an era where artificial intelligence and synthetic filters are frequently used to modify human appearances, we have chosen a different path. We guarantee that your final portraits will be entirely free of digital face-swapping, artificial skin whitening, or computer-generated facial alterations. Our post-production pipeline focuses exclusively on clean color correction, highlight reclamation, and micro-contrast enhancement. This ensures that the individuals in our photographs look like themselves on their absolute best day — preserving their genuine identity, expressions, and natural beauty. Our clients trust us because they know their legacy albums will reflect their true visual identity, capturing their milestones with honesty and grace.

The planning phase is the foundation upon which all successful visual stories are built. Long before our crew arrives on set, we conduct thorough styling, conceptual coordination, and venue walkthroughs. During this stage, we analyze color stories, architectural angles, and light directions to formulate a definitive shoot plan. We believe that proper wardrobe coordination is essential for creating high-end imagery; we recommend neutral palettes, jewel tones, and fine fabrics that complement rather than clash with the environment. By aligning styling variables early, we allow the session day to flow with relaxed ease, giving the subjects the space to act naturally and enjoy the experience. This collaborative process ensures that there are no surprises, only beautiful, unforced moments that capture your true chemistry.

During an active shoot session, our crew operates with structured discretion. Rather than directing subjects into rigid, uncomfortable poses, we use natural prompts that elicit genuine smiles, quiet glances, and authentic laughter. This approach is particularly effective for <strong>Destination Wedding Photography</strong>, where emotional resonance is the ultimate goal. We observe local details, clothing textures, and light reflections, capturing the complete atmosphere of the event. Our team remains attentive and prepared, anticipating key moments to ensure they are recorded with perfect timing. By maintaining a calm, supportive presence, we enable our subjects to build rapport with the camera, yielding relaxed, editorial imagery that speaks volumes.

Post-production is where the raw files are crafted into their final, signature look. Our dedicated editing team reviews the complete set, culling duplicates to compile a cohesive, narrative sequence. We apply custom-built color profiles that enhance warm amber tones and rich dark gradients while maintaining perfect color balance. Every selected image undergoes careful highlight adjustments to ensure that the delicate details of wedding gowns, family heirlooms, or child smiles are visible. The final collection is uploaded to a secure, password-protected private gallery portal, allowing you to download high-resolution files and share them with loved ones easily. We also offer custom-designed fine-art albums, printed on archival cotton papers and hand-bound in leather, ensuring your milestones survive as physical legacies.

Investing in professional photography is ultimately an investment in your family's visual legacy. As years pass, digital links may be updated, but a physical fine-art album remains a permanent centerpiece of your home. It becomes the tangible record that future generations will explore to connect with your story, trace their roots, and feel the love and joy of your milestones. Our dual-branch structure across Delhi NCR and Amritsar allows us to deliver this premium standard of service across Northern India with consistent operational excellence. We limit our seasonal bookings strictly to guarantee that every client receives our complete focus and creative energy, resulting in a bespoke product that represents the peak of modern luxury visual art.","Global travel availability with experienced multi-lingual crew
Complete multi-day event coverage (welcome party to brunch)
Comprehensive drone aerial mapping and establishing shots
Dual-card data redundancy and encrypted cloud backup protocols
Two luxury hand-bound leather albums with custom engraving
Complete high-resolution digital delivery within 8 weeks","Travel Logistics & Site Reconnaissance
Multi-Day Schedule Alignment
Epic Scale Aerial & Ground Coverage
Daily Secure Data Backups
Comprehensive Post-Production & Album Sourcing",Luxury Destination Wedding Photography in Amritsar | Fine-Art Photographer,Document your destination wedding photography in Amritsar. {brand_name} offers premium editorial photography capturing authentic moments across Punjab.,"For families and couples seeking a premium <strong>Destination Wedding Photography in Amritsar</strong>, the historical landscape of Punjab offers an unparalleled backdrop. Amritsar is not merely a location; it is a profound visual canvas rich with cultural weight, textured brick architecture, and golden solar gradients. When documenting milestones here, our Amritsar branch crew utilizes the unique geometry of heritage locations, including the fortress walls of Fort Gobindgarh, the rustic arches of old-city havelis, and the serene manicured grounds of Ram Bagh. The warm, terracotta brickwork and historic wooden doors of Punjab provide a natural color contrast when paired with modern, elegant wardrobe choices. By planning shoots around the sun's trajectory in these open environments, we leverage soft light to sculpt faces naturally, maintaining complete identity accuracy without the need for artificial filters.

Executing high-end photography in Amritsar requires a deep understanding of local light behavior and peak seasonal timing. The golden hour in Amritsar is famously soft, delivering a warm amber glow that enhances skin tones and highlights clothing details beautifully. Our local team conducts detailed scouting of locations like Ranjit Avenue, heritage haveli estates, and luxury hotels such as Hyatt Regency Amritsar and Taj Swarna. This allows us to map lighting patterns and shadows in advance, ensuring our Nikon Z6 III and Sony FX3 systems are calibrated perfectly for the local environment. We schedule sessions during the early morning or late afternoon hours when the sun is low, avoiding the harsh overhead shadows of midday and providing our clients with a relaxed, comfortable experience.

Our Amritsar studio is fully equipped to deliver the highest international standards of luxury photography. For maternity, newborn, and baby photoshoot sessions, we maintain a strictly sanitized, temperature-controlled environment that follows medical-grade hygiene protocols. All props, organic wraps, and clothing sets are thoroughly sanitized between sessions to ensure the complete safety of your little ones. Our local Amritsar team is dedicated to preserving the authentic spirit of Punjab, documenting family legacies, joyful milestones, and wedding celebrations with unretouched honesty. We invite you to visit our Ranjit Avenue studio to explore our physical fine-art albums and discuss how we can document your legacy story beautifully.",<p>Ready to capture your destination wedding photography in the heritage city of Amritsar? Connect with our Ranjit Avenue studio today via WhatsApp or our booking form to check date availability and review packages.</p>,"[{""question"": ""What is your turnaround time for final destination wedding photography photos?"", ""answer"": ""We deliver a highlight gallery within 7 days of the shoot. The complete, fully edited digital collection is delivered within 6 to 8 weeks, ensuring high-end retouching standards."", ""order"": 1}, {""question"": ""What is your policy on RAW / unedited destination wedding photography files?"", ""answer"": ""To maintain our brand standards and editorial quality, we do not release raw or unedited files. Every photograph in your gallery is carefully culled, color-balanced, and polished."", ""order"": 2}, {""question"": ""Do you travel for destination wedding photography sessions outside Delhi or Amritsar?"", ""answer"": ""Yes, our team frequently travels across India and internationally for assignments. Travel and accommodation fees are quoted transparently during booking."", ""order"": 3}, {""question"": ""How do you ensure data security during the destination wedding photography photoshoot?"", ""answer"": ""Our primary cameras record to dual card slots in real-time, providing immediate data redundancy. All files are immediately copied to encrypted local drives at the end of the session."", ""order"": 4}, {""question"": ""What wardrobe styles do you recommend for destination wedding photography?"", ""answer"": ""We recommend solid, cohesive tones (jewel colors, neutral shades, or soft pastels) and styling that avoids busy patterns. A wardrobe guide is shared prior to the shoot."", ""order"": 5}, {""question"": ""Can we customize our destination wedding photography packages?"", ""answer"": ""Absolutely. We offer tailored collections that adapt to your schedule, coverage needs, and specific print album requirements. Let us know your vision during your consultation."", ""order"": 6}, {""question"": ""What is your 100% Identity Promise?"", ""answer"": ""We pledge never to alter your facial features, whiten skin artificially, or apply synthetic face-swapping filters. We capture you naturally and authentically, at your absolute best."", ""order"": 7}, {""question"": ""How far in advance should we book?"", ""answer"": ""We recommend booking 3 to 6 months in advance for standard portraits, and 6 to 12 months in advance for peak wedding season commissions."", ""order"": 8}, {""question"": ""Do you offer custom print albums?"", ""answer"": ""Yes, we source hand-crafted, fine-art albums printed on archival paper. We custom-design the layout for each couple or family to deliver a true heirloom product."", ""order"": 9}, {""question"": ""Is makeup and hair styling included?"", ""answer"": ""Depending on the package, makeup and hair services can be bundled or coordinated with our partner stylists. We assist in styling recommendations for all sessions."", ""order"": 10}]",Premium Destination Wedding Photography Delhi NCR | Editorial Photography,Looking for a luxury photographer for destination wedding photography in Delhi NCR? Contact {brand_name} for high-end portraits and cinematic films.,"The sprawling metropolitan landscape of Delhi NCR offers a dynamic mix of architectural eras, grand estates, and lush manicured parks, making it a spectacular canvas for <strong>Destination Wedding Photography in Delhi NCR</strong>. From the clean, symmetrical geometry of Lutyens' Delhi and the artistic murals of the Lodhi Art District to the grand, high-ceiling ballrooms of Chanakyapuri and the sprawling farmhouses of Chattarpur, the visual choices are virtually limitless. Our Delhi NCR branch crew specializes in composing editorial portraits that utilize these diverse backdrops to tell sophisticated, modern stories. We select locations that provide ample physical depth, allowing us to use telephoto lenses to create a soft, creamy background blur that isolates our subjects beautifully against the city's lines.

Operating a luxury photography house in the capital region requires exceptional logistical planning and technical adaptiveness. The ambient light of Delhi NCR is highly variable, affected by seasonal changes and metropolitan textures. To capture pristine imagery, our Delhi crew leverages a combination of natural golden-hour sunlight and advanced, color-balanced off-camera lighting arrays. When shooting inside elite venues like Taj Palace Delhi, The Leela Ambience Gurugram, or ITC Maurya, we sync our flash units to match the ambient warm light of the ballrooms, ensuring skin tones remain natural and free of distracting color casts. This meticulous approach to lighting allows us to deliver high-resolution files that maintain incredible detail across highlights and deep shadows alike.

Our Delhi NCR branch serves Gurugram, Noida, South Delhi, Aerocity, and surrounding areas, delivering a seamless, premium client experience from the initial consultation to the final gallery delivery. Whether you are hosting a grand wedding gala at a luxury farmhouse or scheduling an intimate milestone photoshoot in our professional studio, we apply the same strict standards of safety, privacy, and artistic integrity. We offer a strict 100% Identity Promise, guaranteeing your photographs will feature zero artificial face-swapping or skin whitening, preserving your true essence. Contact our Delhi NCR studio today to discuss custom shoot concepts, verify date availability, and begin planning your visual legacy.","<p>Plan your editorial destination wedding photography session in Delhi NCR. Get in touch with our metropolitan branch to discuss locations, custom styling guidelines, and package options.</p>","[{""question"": ""What is your turnaround time for final destination wedding photography photos?"", ""answer"": ""We deliver a highlight gallery within 7 days of the shoot. The complete, fully edited digital collection is delivered within 6 to 8 weeks, ensuring high-end retouching standards."", ""order"": 1}, {""question"": ""What is your policy on RAW / unedited destination wedding photography files?"", ""answer"": ""To maintain our brand standards and editorial quality, we do not release raw or unedited files. Every photograph in your gallery is carefully culled, color-balanced, and polished."", ""order"": 2}, {""question"": ""Do you travel for destination wedding photography sessions outside Delhi or Amritsar?"", ""answer"": ""Yes, our team frequently travels across India and internationally for assignments. Travel and accommodation fees are quoted transparently during booking."", ""order"": 3}, {""question"": ""How do you ensure data security during the destination wedding photography photoshoot?"", ""answer"": ""Our primary cameras record to dual card slots in real-time, providing immediate data redundancy. All files are immediately copied to encrypted local drives at the end of the session."", ""order"": 4}, {""question"": ""What wardrobe styles do you recommend for destination wedding photography?"", ""answer"": ""We recommend solid, cohesive tones (jewel colors, neutral shades, or soft pastels) and styling that avoids busy patterns. A wardrobe guide is shared prior to the shoot."", ""order"": 5}, {""question"": ""Can we customize our destination wedding photography packages?"", ""answer"": ""Absolutely. We offer tailored collections that adapt to your schedule, coverage needs, and specific print album requirements. Let us know your vision during your consultation."", ""order"": 6}, {""question"": ""What is your 100% Identity Promise?"", ""answer"": ""We pledge never to alter your facial features, whiten skin artificially, or apply synthetic face-swapping filters. We capture you naturally and authentically, at your absolute best."", ""order"": 7}, {""question"": ""How far in advance should we book?"", ""answer"": ""We recommend booking 3 to 6 months in advance for standard portraits, and 6 to 12 months in advance for peak wedding season commissions."", ""order"": 8}, {""question"": ""Do you offer custom print albums?"", ""answer"": ""Yes, we source hand-crafted, fine-art albums printed on archival paper. We custom-design the layout for each couple or family to deliver a true heirloom product."", ""order"": 9}, {""question"": ""Is makeup and hair styling included?"", ""answer"": ""Depending on the package, makeup and hair services can be bundled or coordinated with our partner stylists. We assist in styling recommendations for all sessions."", ""order"": 10}]","[{""name"": ""Editorial Collection"", ""price"": ""₹2,50,000"", ""description"": ""A sophisticated destination wedding photography package designed for premium digital delivery and basic print needs."", ""features"": [""Up to 4 hours of dedicated on-location session coverage"", ""Fully retouched high-resolution digital files"", ""Private online gallery with password-protected sharing access"", ""Pre-shoot wardrobe and conceptual concept briefing"", ""Dual-card real-time backup security""]}, {""name"": ""Royal Heirloom Collection"", ""price"": ""₹400,000"", ""description"": ""Our signature full-service destination wedding photography collection providing absolute coverage, comprehensive styling, and custom physical legacy albums."", ""features"": [""Full day session coverage (up to 8 hours)"", ""Complete high-resolution digital archive with print release"", ""Custom designed, hand-bound leather fine-art album (40 pages)"", ""16x24 premium canvas wall print ready for display"", ""Complimentary behind-the-scenes cinematic teaser video reel"", ""Dedicated primary and secondary camera operators""]}]"
Maternity Photoshoot,maternity-photoshoot,🤰,🤰,,both,False,50,maternity,"₹60,000","maternity photoshoot, pregnancy photography, maternity photographer",Luxury Maternity Photoshoot | Fine-Art Pregnancy Portraits,Celebrate the miracle of life with a luxury maternity photoshoot by {brand_name}. Studio and outdoor sessions styled for ultimate comfort.,"Exquisite maternity portraits designed with comfort and safety in mind, capturing the beautiful glow of pregnancy in studio or natural landscapes.","In the field of high-end visual documentation, the art of <strong>Maternity Photoshoot</strong> represents a profound alignment of technical precision, creative vision, and emotional sensitivity. When undertaking a professional assignment, the modern digital creator must recognize that client expectations have shifted from basic documentative photography to an immersive, editorial narrative. A truly premium visual story does not merely record a timeline of events; it elevates everyday interactions, fleeting emotions, and subtle architectural spaces into an exquisite heirloom collection. At our luxury studios, we treat every single frame as a distinct canvas, utilizing advanced optical designs and strict capture guidelines to achieve this standard of visual excellence. We have designed a cohesive approach that balances soft, ambient lighting with crisp focus fields, ensuring that your final galleries feel noticeability premium, alive, and emotionally resonant.

To achieve an editorial look that rivals international publications, the technical production phase must be managed with absolute diligence. Our professional gear lists feature dual-slot mirrorless systems, including the Nikon Z6 III and Sony FX3 cinema platforms, which capture immense dynamic range. We utilize prime lens systems with wide maximum apertures, enabling our crew to control focus fields tightly and produce smooth background separation. This technical depth is particularly vital during key moments of <strong>Maternity Photoshoot</strong>, as it allows us to isolate subjects cleanly from busy visual backdrops. Beyond equipment, light coordination is the true benchmark of luxury photography. Whether we are utilizing the soft golden sun of early evening or employing our custom-balanced off-camera flash units, we balance highlight gradients carefully to preserve natural skin textures and color fidelity.

Our commitment to authenticity is represented by our 100% Identity Promise. In an era where artificial intelligence and synthetic filters are frequently used to modify human appearances, we have chosen a different path. We guarantee that your final portraits will be entirely free of digital face-swapping, artificial skin whitening, or computer-generated facial alterations. Our post-production pipeline focuses exclusively on clean color correction, highlight reclamation, and micro-contrast enhancement. This ensures that the individuals in our photographs look like themselves on their absolute best day — preserving their genuine identity, expressions, and natural beauty. Our clients trust us because they know their legacy albums will reflect their true visual identity, capturing their milestones with honesty and grace.

The planning phase is the foundation upon which all successful visual stories are built. Long before our crew arrives on set, we conduct thorough styling, conceptual coordination, and venue walkthroughs. During this stage, we analyze color stories, architectural angles, and light directions to formulate a definitive shoot plan. We believe that proper wardrobe coordination is essential for creating high-end imagery; we recommend neutral palettes, jewel tones, and fine fabrics that complement rather than clash with the environment. By aligning styling variables early, we allow the session day to flow with relaxed ease, giving the subjects the space to act naturally and enjoy the experience. This collaborative process ensures that there are no surprises, only beautiful, unforced moments that capture your true chemistry.

During an active shoot session, our crew operates with structured discretion. Rather than directing subjects into rigid, uncomfortable poses, we use natural prompts that elicit genuine smiles, quiet glances, and authentic laughter. This approach is particularly effective for <strong>Maternity Photoshoot</strong>, where emotional resonance is the ultimate goal. We observe local details, clothing textures, and light reflections, capturing the complete atmosphere of the event. Our team remains attentive and prepared, anticipating key moments to ensure they are recorded with perfect timing. By maintaining a calm, supportive presence, we enable our subjects to build rapport with the camera, yielding relaxed, editorial imagery that speaks volumes.

Post-production is where the raw files are crafted into their final, signature look. Our dedicated editing team reviews the complete set, culling duplicates to compile a cohesive, narrative sequence. We apply custom-built color profiles that enhance warm amber tones and rich dark gradients while maintaining perfect color balance. Every selected image undergoes careful highlight adjustments to ensure that the delicate details of wedding gowns, family heirlooms, or child smiles are visible. The final collection is uploaded to a secure, password-protected private gallery portal, allowing you to download high-resolution files and share them with loved ones easily. We also offer custom-designed fine-art albums, printed on archival cotton papers and hand-bound in leather, ensuring your milestones survive as physical legacies.

Investing in professional photography is ultimately an investment in your family's visual legacy. As years pass, digital links may be updated, but a physical fine-art album remains a permanent centerpiece of your home. It becomes the tangible record that future generations will explore to connect with your story, trace their roots, and feel the love and joy of your milestones. Our dual-branch structure across Delhi NCR and Amritsar allows us to deliver this premium standard of service across Northern India with consistent operational excellence. We limit our seasonal bookings strictly to guarantee that every client receives our complete focus and creative energy, resulting in a bespoke product that represents the peak of modern luxury visual art.","Access to our designer gown collection and silk draperies
Professional hair and soft makeup coordination services
Private sanitized studio environment with adjustable climate control
Comfort-first posing guidance tailored to your trimester
High-resolution retouched digital gallery with digital sharing
Complimentary partner and sibling inclusion in portraits","Wardrobe Styling & Makeup Consultation
Studio Sanitization & Climate Tuning
Relaxed Pacing Shoot Session
Soft Glow Retouching & Light Enhancement
Heirloom Portrait Delivery",Luxury Maternity Photoshoot in Amritsar | Fine-Art Photographer,Document your maternity photoshoot in Amritsar. {brand_name} offers premium editorial photography capturing authentic moments across Punjab.,"For families and couples seeking a premium <strong>Maternity Photoshoot in Amritsar</strong>, the historical landscape of Punjab offers an unparalleled backdrop. Amritsar is not merely a location; it is a profound visual canvas rich with cultural weight, textured brick architecture, and golden solar gradients. When documenting milestones here, our Amritsar branch crew utilizes the unique geometry of heritage locations, including the fortress walls of Fort Gobindgarh, the rustic arches of old-city havelis, and the serene manicured grounds of Ram Bagh. The warm, terracotta brickwork and historic wooden doors of Punjab provide a natural color contrast when paired with modern, elegant wardrobe choices. By planning shoots around the sun's trajectory in these open environments, we leverage soft light to sculpt faces naturally, maintaining complete identity accuracy without the need for artificial filters.

Executing high-end photography in Amritsar requires a deep understanding of local light behavior and peak seasonal timing. The golden hour in Amritsar is famously soft, delivering a warm amber glow that enhances skin tones and highlights clothing details beautifully. Our local team conducts detailed scouting of locations like Ranjit Avenue, heritage haveli estates, and luxury hotels such as Hyatt Regency Amritsar and Taj Swarna. This allows us to map lighting patterns and shadows in advance, ensuring our Nikon Z6 III and Sony FX3 systems are calibrated perfectly for the local environment. We schedule sessions during the early morning or late afternoon hours when the sun is low, avoiding the harsh overhead shadows of midday and providing our clients with a relaxed, comfortable experience.

Our Amritsar studio is fully equipped to deliver the highest international standards of luxury photography. For maternity, newborn, and baby photoshoot sessions, we maintain a strictly sanitized, temperature-controlled environment that follows medical-grade hygiene protocols. All props, organic wraps, and clothing sets are thoroughly sanitized between sessions to ensure the complete safety of your little ones. Our local Amritsar team is dedicated to preserving the authentic spirit of Punjab, documenting family legacies, joyful milestones, and wedding celebrations with unretouched honesty. We invite you to visit our Ranjit Avenue studio to explore our physical fine-art albums and discuss how we can document your legacy story beautifully.",<p>Ready to capture your maternity photoshoot in the heritage city of Amritsar? Connect with our Ranjit Avenue studio today via WhatsApp or our booking form to check date availability and review packages.</p>,"[{""question"": ""What is your turnaround time for final maternity photoshoot photos?"", ""answer"": ""We deliver a highlight gallery within 7 days of the shoot. The complete, fully edited digital collection is delivered within 6 to 8 weeks, ensuring high-end retouching standards."", ""order"": 1}, {""question"": ""What is your policy on RAW / unedited maternity photoshoot files?"", ""answer"": ""To maintain our brand standards and editorial quality, we do not release raw or unedited files. Every photograph in your gallery is carefully culled, color-balanced, and polished."", ""order"": 2}, {""question"": ""Do you travel for maternity photoshoot sessions outside Delhi or Amritsar?"", ""answer"": ""Yes, our team frequently travels across India and internationally for assignments. Travel and accommodation fees are quoted transparently during booking."", ""order"": 3}, {""question"": ""How do you ensure data security during the maternity photoshoot photoshoot?"", ""answer"": ""Our primary cameras record to dual card slots in real-time, providing immediate data redundancy. All files are immediately copied to encrypted local drives at the end of the session."", ""order"": 4}, {""question"": ""What wardrobe styles do you recommend for maternity photoshoot?"", ""answer"": ""We recommend solid, cohesive tones (jewel colors, neutral shades, or soft pastels) and styling that avoids busy patterns. A wardrobe guide is shared prior to the shoot."", ""order"": 5}, {""question"": ""Can we customize our maternity photoshoot packages?"", ""answer"": ""Absolutely. We offer tailored collections that adapt to your schedule, coverage needs, and specific print album requirements. Let us know your vision during your consultation."", ""order"": 6}, {""question"": ""What is your 100% Identity Promise?"", ""answer"": ""We pledge never to alter your facial features, whiten skin artificially, or apply synthetic face-swapping filters. We capture you naturally and authentically, at your absolute best."", ""order"": 7}, {""question"": ""How far in advance should we book?"", ""answer"": ""We recommend booking 3 to 6 months in advance for standard portraits, and 6 to 12 months in advance for peak wedding season commissions."", ""order"": 8}, {""question"": ""Do you offer custom print albums?"", ""answer"": ""Yes, we source hand-crafted, fine-art albums printed on archival paper. We custom-design the layout for each couple or family to deliver a true heirloom product."", ""order"": 9}, {""question"": ""Is makeup and hair styling included?"", ""answer"": ""Depending on the package, makeup and hair services can be bundled or coordinated with our partner stylists. We assist in styling recommendations for all sessions."", ""order"": 10}]",Premium Maternity Photoshoot Delhi NCR | Editorial Photography,Looking for a luxury photographer for maternity photoshoot in Delhi NCR? Contact {brand_name} for high-end portraits and cinematic films.,"The sprawling metropolitan landscape of Delhi NCR offers a dynamic mix of architectural eras, grand estates, and lush manicured parks, making it a spectacular canvas for <strong>Maternity Photoshoot in Delhi NCR</strong>. From the clean, symmetrical geometry of Lutyens' Delhi and the artistic murals of the Lodhi Art District to the grand, high-ceiling ballrooms of Chanakyapuri and the sprawling farmhouses of Chattarpur, the visual choices are virtually limitless. Our Delhi NCR branch crew specializes in composing editorial portraits that utilize these diverse backdrops to tell sophisticated, modern stories. We select locations that provide ample physical depth, allowing us to use telephoto lenses to create a soft, creamy background blur that isolates our subjects beautifully against the city's lines.

Operating a luxury photography house in the capital region requires exceptional logistical planning and technical adaptiveness. The ambient light of Delhi NCR is highly variable, affected by seasonal changes and metropolitan textures. To capture pristine imagery, our Delhi crew leverages a combination of natural golden-hour sunlight and advanced, color-balanced off-camera lighting arrays. When shooting inside elite venues like Taj Palace Delhi, The Leela Ambience Gurugram, or ITC Maurya, we sync our flash units to match the ambient warm light of the ballrooms, ensuring skin tones remain natural and free of distracting color casts. This meticulous approach to lighting allows us to deliver high-resolution files that maintain incredible detail across highlights and deep shadows alike.

Our Delhi NCR branch serves Gurugram, Noida, South Delhi, Aerocity, and surrounding areas, delivering a seamless, premium client experience from the initial consultation to the final gallery delivery. Whether you are hosting a grand wedding gala at a luxury farmhouse or scheduling an intimate milestone photoshoot in our professional studio, we apply the same strict standards of safety, privacy, and artistic integrity. We offer a strict 100% Identity Promise, guaranteeing your photographs will feature zero artificial face-swapping or skin whitening, preserving your true essence. Contact our Delhi NCR studio today to discuss custom shoot concepts, verify date availability, and begin planning your visual legacy.","<p>Plan your editorial maternity photoshoot session in Delhi NCR. Get in touch with our metropolitan branch to discuss locations, custom styling guidelines, and package options.</p>","[{""question"": ""What is your turnaround time for final maternity photoshoot photos?"", ""answer"": ""We deliver a highlight gallery within 7 days of the shoot. The complete, fully edited digital collection is delivered within 6 to 8 weeks, ensuring high-end retouching standards."", ""order"": 1}, {""question"": ""What is your policy on RAW / unedited maternity photoshoot files?"", ""answer"": ""To maintain our brand standards and editorial quality, we do not release raw or unedited files. Every photograph in your gallery is carefully culled, color-balanced, and polished."", ""order"": 2}, {""question"": ""Do you travel for maternity photoshoot sessions outside Delhi or Amritsar?"", ""answer"": ""Yes, our team frequently travels across India and internationally for assignments. Travel and accommodation fees are quoted transparently during booking."", ""order"": 3}, {""question"": ""How do you ensure data security during the maternity photoshoot photoshoot?"", ""answer"": ""Our primary cameras record to dual card slots in real-time, providing immediate data redundancy. All files are immediately copied to encrypted local drives at the end of the session."", ""order"": 4}, {""question"": ""What wardrobe styles do you recommend for maternity photoshoot?"", ""answer"": ""We recommend solid, cohesive tones (jewel colors, neutral shades, or soft pastels) and styling that avoids busy patterns. A wardrobe guide is shared prior to the shoot."", ""order"": 5}, {""question"": ""Can we customize our maternity photoshoot packages?"", ""answer"": ""Absolutely. We offer tailored collections that adapt to your schedule, coverage needs, and specific print album requirements. Let us know your vision during your consultation."", ""order"": 6}, {""question"": ""What is your 100% Identity Promise?"", ""answer"": ""We pledge never to alter your facial features, whiten skin artificially, or apply synthetic face-swapping filters. We capture you naturally and authentically, at your absolute best."", ""order"": 7}, {""question"": ""How far in advance should we book?"", ""answer"": ""We recommend booking 3 to 6 months in advance for standard portraits, and 6 to 12 months in advance for peak wedding season commissions."", ""order"": 8}, {""question"": ""Do you offer custom print albums?"", ""answer"": ""Yes, we source hand-crafted, fine-art albums printed on archival paper. We custom-design the layout for each couple or family to deliver a true heirloom product."", ""order"": 9}, {""question"": ""Is makeup and hair styling included?"", ""answer"": ""Depending on the package, makeup and hair services can be bundled or coordinated with our partner stylists. We assist in styling recommendations for all sessions."", ""order"": 10}]","[{""name"": ""Editorial Collection"", ""price"": ""₹60,000"", ""description"": ""A sophisticated maternity photoshoot package designed for premium digital delivery and basic print needs."", ""features"": [""Up to 4 hours of dedicated on-location session coverage"", ""Fully retouched high-resolution digital files"", ""Private online gallery with password-protected sharing access"", ""Pre-shoot wardrobe and conceptual concept briefing"", ""Dual-card real-time backup security""]}, {""name"": ""Royal Heirloom Collection"", ""price"": ""₹96,000"", ""description"": ""Our signature full-service maternity photoshoot collection providing absolute coverage, comprehensive styling, and custom physical legacy albums."", ""features"": [""Full day session coverage (up to 8 hours)"", ""Complete high-resolution digital archive with print release"", ""Custom designed, hand-bound leather fine-art album (40 pages)"", ""16x24 premium canvas wall print ready for display"", ""Complimentary behind-the-scenes cinematic teaser video reel"", ""Dedicated primary and secondary camera operators""]}]"
Newborn Photoshoot,newborn-photoshoot,👶,👶,,both,False,60,maternity,"₹65,000","newborn photoshoot, newborn photography, baby photographer",Fine-Art Newborn Photoshoot | Safe Baby Portraiture,"Document the first days of your baby's life safely. Certified newborn photoshoot in a sanitized, climate-controlled studio environment.","Certified, safety-first newborn sessions capturing sleepy, peaceful poses in a medical-grade sanitized, climate-controlled studio.","In the field of high-end visual documentation, the art of <strong>Newborn Photoshoot</strong> represents a profound alignment of technical precision, creative vision, and emotional sensitivity. When undertaking a professional assignment, the modern digital creator must recognize that client expectations have shifted from basic documentative photography to an immersive, editorial narrative. A truly premium visual story does not merely record a timeline of events; it elevates everyday interactions, fleeting emotions, and subtle architectural spaces into an exquisite heirloom collection. At our luxury studios, we treat every single frame as a distinct canvas, utilizing advanced optical designs and strict capture guidelines to achieve this standard of visual excellence. We have designed a cohesive approach that balances soft, ambient lighting with crisp focus fields, ensuring that your final galleries feel noticeability premium, alive, and emotionally resonant.

To achieve an editorial look that rivals international publications, the technical production phase must be managed with absolute diligence. Our professional gear lists feature dual-slot mirrorless systems, including the Nikon Z6 III and Sony FX3 cinema platforms, which capture immense dynamic range. We utilize prime lens systems with wide maximum apertures, enabling our crew to control focus fields tightly and produce smooth background separation. This technical depth is particularly vital during key moments of <strong>Newborn Photoshoot</strong>, as it allows us to isolate subjects cleanly from busy visual backdrops. Beyond equipment, light coordination is the true benchmark of luxury photography. Whether we are utilizing the soft golden sun of early evening or employing our custom-balanced off-camera flash units, we balance highlight gradients carefully to preserve natural skin textures and color fidelity.

Our commitment to authenticity is represented by our 100% Identity Promise. In an era where artificial intelligence and synthetic filters are frequently used to modify human appearances, we have chosen a different path. We guarantee that your final portraits will be entirely free of digital face-swapping, artificial skin whitening, or computer-generated facial alterations. Our post-production pipeline focuses exclusively on clean color correction, highlight reclamation, and micro-contrast enhancement. This ensures that the individuals in our photographs look like themselves on their absolute best day — preserving their genuine identity, expressions, and natural beauty. Our clients trust us because they know their legacy albums will reflect their true visual identity, capturing their milestones with honesty and grace.

The planning phase is the foundation upon which all successful visual stories are built. Long before our crew arrives on set, we conduct thorough styling, conceptual coordination, and venue walkthroughs. During this stage, we analyze color stories, architectural angles, and light directions to formulate a definitive shoot plan. We believe that proper wardrobe coordination is essential for creating high-end imagery; we recommend neutral palettes, jewel tones, and fine fabrics that complement rather than clash with the environment. By aligning styling variables early, we allow the session day to flow with relaxed ease, giving the subjects the space to act naturally and enjoy the experience. This collaborative process ensures that there are no surprises, only beautiful, unforced moments that capture your true chemistry.

During an active shoot session, our crew operates with structured discretion. Rather than directing subjects into rigid, uncomfortable poses, we use natural prompts that elicit genuine smiles, quiet glances, and authentic laughter. This approach is particularly effective for <strong>Newborn Photoshoot</strong>, where emotional resonance is the ultimate goal. We observe local details, clothing textures, and light reflections, capturing the complete atmosphere of the event. Our team remains attentive and prepared, anticipating key moments to ensure they are recorded with perfect timing. By maintaining a calm, supportive presence, we enable our subjects to build rapport with the camera, yielding relaxed, editorial imagery that speaks volumes.

Post-production is where the raw files are crafted into their final, signature look. Our dedicated editing team reviews the complete set, culling duplicates to compile a cohesive, narrative sequence. We apply custom-built color profiles that enhance warm amber tones and rich dark gradients while maintaining perfect color balance. Every selected image undergoes careful highlight adjustments to ensure that the delicate details of wedding gowns, family heirlooms, or child smiles are visible. The final collection is uploaded to a secure, password-protected private gallery portal, allowing you to download high-resolution files and share them with loved ones easily. We also offer custom-designed fine-art albums, printed on archival cotton papers and hand-bound in leather, ensuring your milestones survive as physical legacies.

Investing in professional photography is ultimately an investment in your family's visual legacy. As years pass, digital links may be updated, but a physical fine-art album remains a permanent centerpiece of your home. It becomes the tangible record that future generations will explore to connect with your story, trace their roots, and feel the love and joy of your milestones. Our dual-branch structure across Delhi NCR and Amritsar allows us to deliver this premium standard of service across Northern India with consistent operational excellence. We limit our seasonal bookings strictly to guarantee that every client receives our complete focus and creative energy, resulting in a bespoke product that represents the peak of modern luxury visual art.","Safety-certified newborn posing specialist handling the baby
Complete access to organic sanitized wraps and props
Strict sanitization and heating protocols (26–28°C environment)
Patience-first scheduling allowing ample feeding and sleeping breaks
Delicately retouched high-resolution digital images
Parent and newborn classic connection portrait sets","Medical-Grade Studio Prep & Pre-heating
Patience-Led Feeding & Settling Session
Safe Certified Sleeping Poses
Delicate Blemish-Free Editorial Retouching
Private Digital Story Delivery",Luxury Newborn Photoshoot in Amritsar | Fine-Art Photographer,Document your newborn photoshoot in Amritsar. {brand_name} offers premium editorial photography capturing authentic moments across Punjab.,"For families and couples seeking a premium <strong>Newborn Photoshoot in Amritsar</strong>, the historical landscape of Punjab offers an unparalleled backdrop. Amritsar is not merely a location; it is a profound visual canvas rich with cultural weight, textured brick architecture, and golden solar gradients. When documenting milestones here, our Amritsar branch crew utilizes the unique geometry of heritage locations, including the fortress walls of Fort Gobindgarh, the rustic arches of old-city havelis, and the serene manicured grounds of Ram Bagh. The warm, terracotta brickwork and historic wooden doors of Punjab provide a natural color contrast when paired with modern, elegant wardrobe choices. By planning shoots around the sun's trajectory in these open environments, we leverage soft light to sculpt faces naturally, maintaining complete identity accuracy without the need for artificial filters.

Executing high-end photography in Amritsar requires a deep understanding of local light behavior and peak seasonal timing. The golden hour in Amritsar is famously soft, delivering a warm amber glow that enhances skin tones and highlights clothing details beautifully. Our local team conducts detailed scouting of locations like Ranjit Avenue, heritage haveli estates, and luxury hotels such as Hyatt Regency Amritsar and Taj Swarna. This allows us to map lighting patterns and shadows in advance, ensuring our Nikon Z6 III and Sony FX3 systems are calibrated perfectly for the local environment. We schedule sessions during the early morning or late afternoon hours when the sun is low, avoiding the harsh overhead shadows of midday and providing our clients with a relaxed, comfortable experience.

Our Amritsar studio is fully equipped to deliver the highest international standards of luxury photography. For maternity, newborn, and baby photoshoot sessions, we maintain a strictly sanitized, temperature-controlled environment that follows medical-grade hygiene protocols. All props, organic wraps, and clothing sets are thoroughly sanitized between sessions to ensure the complete safety of your little ones. Our local Amritsar team is dedicated to preserving the authentic spirit of Punjab, documenting family legacies, joyful milestones, and wedding celebrations with unretouched honesty. We invite you to visit our Ranjit Avenue studio to explore our physical fine-art albums and discuss how we can document your legacy story beautifully.",<p>Ready to capture your newborn photoshoot in the heritage city of Amritsar? Connect with our Ranjit Avenue studio today via WhatsApp or our booking form to check date availability and review packages.</p>,"[{""question"": ""What is your turnaround time for final newborn photoshoot photos?"", ""answer"": ""We deliver a highlight gallery within 7 days of the shoot. The complete, fully edited digital collection is delivered within 6 to 8 weeks, ensuring high-end retouching standards."", ""order"": 1}, {""question"": ""What is your policy on RAW / unedited newborn photoshoot files?"", ""answer"": ""To maintain our brand standards and editorial quality, we do not release raw or unedited files. Every photograph in your gallery is carefully culled, color-balanced, and polished."", ""order"": 2}, {""question"": ""Do you travel for newborn photoshoot sessions outside Delhi or Amritsar?"", ""answer"": ""Yes, our team frequently travels across India and internationally for assignments. Travel and accommodation fees are quoted transparently during booking."", ""order"": 3}, {""question"": ""How do you ensure data security during the newborn photoshoot photoshoot?"", ""answer"": ""Our primary cameras record to dual card slots in real-time, providing immediate data redundancy. All files are immediately copied to encrypted local drives at the end of the session."", ""order"": 4}, {""question"": ""What wardrobe styles do you recommend for newborn photoshoot?"", ""answer"": ""We recommend solid, cohesive tones (jewel colors, neutral shades, or soft pastels) and styling that avoids busy patterns. A wardrobe guide is shared prior to the shoot."", ""order"": 5}, {""question"": ""Can we customize our newborn photoshoot packages?"", ""answer"": ""Absolutely. We offer tailored collections that adapt to your schedule, coverage needs, and specific print album requirements. Let us know your vision during your consultation."", ""order"": 6}, {""question"": ""What is your 100% Identity Promise?"", ""answer"": ""We pledge never to alter your facial features, whiten skin artificially, or apply synthetic face-swapping filters. We capture you naturally and authentically, at your absolute best."", ""order"": 7}, {""question"": ""How far in advance should we book?"", ""answer"": ""We recommend booking 3 to 6 months in advance for standard portraits, and 6 to 12 months in advance for peak wedding season commissions."", ""order"": 8}, {""question"": ""Do you offer custom print albums?"", ""answer"": ""Yes, we source hand-crafted, fine-art albums printed on archival paper. We custom-design the layout for each couple or family to deliver a true heirloom product."", ""order"": 9}, {""question"": ""Is makeup and hair styling included?"", ""answer"": ""Depending on the package, makeup and hair services can be bundled or coordinated with our partner stylists. We assist in styling recommendations for all sessions."", ""order"": 10}]",Premium Newborn Photoshoot Delhi NCR | Editorial Photography,Looking for a luxury photographer for newborn photoshoot in Delhi NCR? Contact {brand_name} for high-end portraits and cinematic films.,"The sprawling metropolitan landscape of Delhi NCR offers a dynamic mix of architectural eras, grand estates, and lush manicured parks, making it a spectacular canvas for <strong>Newborn Photoshoot in Delhi NCR</strong>. From the clean, symmetrical geometry of Lutyens' Delhi and the artistic murals of the Lodhi Art District to the grand, high-ceiling ballrooms of Chanakyapuri and the sprawling farmhouses of Chattarpur, the visual choices are virtually limitless. Our Delhi NCR branch crew specializes in composing editorial portraits that utilize these diverse backdrops to tell sophisticated, modern stories. We select locations that provide ample physical depth, allowing us to use telephoto lenses to create a soft, creamy background blur that isolates our subjects beautifully against the city's lines.

Operating a luxury photography house in the capital region requires exceptional logistical planning and technical adaptiveness. The ambient light of Delhi NCR is highly variable, affected by seasonal changes and metropolitan textures. To capture pristine imagery, our Delhi crew leverages a combination of natural golden-hour sunlight and advanced, color-balanced off-camera lighting arrays. When shooting inside elite venues like Taj Palace Delhi, The Leela Ambience Gurugram, or ITC Maurya, we sync our flash units to match the ambient warm light of the ballrooms, ensuring skin tones remain natural and free of distracting color casts. This meticulous approach to lighting allows us to deliver high-resolution files that maintain incredible detail across highlights and deep shadows alike.

Our Delhi NCR branch serves Gurugram, Noida, South Delhi, Aerocity, and surrounding areas, delivering a seamless, premium client experience from the initial consultation to the final gallery delivery. Whether you are hosting a grand wedding gala at a luxury farmhouse or scheduling an intimate milestone photoshoot in our professional studio, we apply the same strict standards of safety, privacy, and artistic integrity. We offer a strict 100% Identity Promise, guaranteeing your photographs will feature zero artificial face-swapping or skin whitening, preserving your true essence. Contact our Delhi NCR studio today to discuss custom shoot concepts, verify date availability, and begin planning your visual legacy.","<p>Plan your editorial newborn photoshoot session in Delhi NCR. Get in touch with our metropolitan branch to discuss locations, custom styling guidelines, and package options.</p>","[{""question"": ""What is your turnaround time for final newborn photoshoot photos?"", ""answer"": ""We deliver a highlight gallery within 7 days of the shoot. The complete, fully edited digital collection is delivered within 6 to 8 weeks, ensuring high-end retouching standards."", ""order"": 1}, {""question"": ""What is your policy on RAW / unedited newborn photoshoot files?"", ""answer"": ""To maintain our brand standards and editorial quality, we do not release raw or unedited files. Every photograph in your gallery is carefully culled, color-balanced, and polished."", ""order"": 2}, {""question"": ""Do you travel for newborn photoshoot sessions outside Delhi or Amritsar?"", ""answer"": ""Yes, our team frequently travels across India and internationally for assignments. Travel and accommodation fees are quoted transparently during booking."", ""order"": 3}, {""question"": ""How do you ensure data security during the newborn photoshoot photoshoot?"", ""answer"": ""Our primary cameras record to dual card slots in real-time, providing immediate data redundancy. All files are immediately copied to encrypted local drives at the end of the session."", ""order"": 4}, {""question"": ""What wardrobe styles do you recommend for newborn photoshoot?"", ""answer"": ""We recommend solid, cohesive tones (jewel colors, neutral shades, or soft pastels) and styling that avoids busy patterns. A wardrobe guide is shared prior to the shoot."", ""order"": 5}, {""question"": ""Can we customize our newborn photoshoot packages?"", ""answer"": ""Absolutely. We offer tailored collections that adapt to your schedule, coverage needs, and specific print album requirements. Let us know your vision during your consultation."", ""order"": 6}, {""question"": ""What is your 100% Identity Promise?"", ""answer"": ""We pledge never to alter your facial features, whiten skin artificially, or apply synthetic face-swapping filters. We capture you naturally and authentically, at your absolute best."", ""order"": 7}, {""question"": ""How far in advance should we book?"", ""answer"": ""We recommend booking 3 to 6 months in advance for standard portraits, and 6 to 12 months in advance for peak wedding season commissions."", ""order"": 8}, {""question"": ""Do you offer custom print albums?"", ""answer"": ""Yes, we source hand-crafted, fine-art albums printed on archival paper. We custom-design the layout for each couple or family to deliver a true heirloom product."", ""order"": 9}, {""question"": ""Is makeup and hair styling included?"", ""answer"": ""Depending on the package, makeup and hair services can be bundled or coordinated with our partner stylists. We assist in styling recommendations for all sessions."", ""order"": 10}]","[{""name"": ""Editorial Collection"", ""price"": ""₹65,000"", ""description"": ""A sophisticated newborn photoshoot package designed for premium digital delivery and basic print needs."", ""features"": [""Up to 4 hours of dedicated on-location session coverage"", ""Fully retouched high-resolution digital files"", ""Private online gallery with password-protected sharing access"", ""Pre-shoot wardrobe and conceptual concept briefing"", ""Dual-card real-time backup security""]}, {""name"": ""Royal Heirloom Collection"", ""price"": ""₹104,000"", ""description"": ""Our signature full-service newborn photoshoot collection providing absolute coverage, comprehensive styling, and custom physical legacy albums."", ""features"": [""Full day session coverage (up to 8 hours)"", ""Complete high-resolution digital archive with print release"", ""Custom designed, hand-bound leather fine-art album (40 pages)"", ""16x24 premium canvas wall print ready for display"", ""Complimentary behind-the-scenes cinematic teaser video reel"", ""Dedicated primary and secondary camera operators""]}]"
Baby Photoshoot,baby-photoshoot,🧸,🧸,,both,False,70,maternity,"₹50,000","baby photoshoot, baby photography, milestone baby photoshoot",Milestone Baby Photoshoot | Capturing Joyful Moments,"Capture your baby's growing personality. Playful milestone photoshoots celebrating sitting, crawling, and curious expressions.","Joyful milestone baby photoshoots designed to capture crawls, sits, and sweet expressions in a sanitized, play-friendly environment.","In the field of high-end visual documentation, the art of <strong>Baby Photoshoot</strong> represents a profound alignment of technical precision, creative vision, and emotional sensitivity. When undertaking a professional assignment, the modern digital creator must recognize that client expectations have shifted from basic documentative photography to an immersive, editorial narrative. A truly premium visual story does not merely record a timeline of events; it elevates everyday interactions, fleeting emotions, and subtle architectural spaces into an exquisite heirloom collection. At our luxury studios, we treat every single frame as a distinct canvas, utilizing advanced optical designs and strict capture guidelines to achieve this standard of visual excellence. We have designed a cohesive approach that balances soft, ambient lighting with crisp focus fields, ensuring that your final galleries feel noticeability premium, alive, and emotionally resonant.

To achieve an editorial look that rivals international publications, the technical production phase must be managed with absolute diligence. Our professional gear lists feature dual-slot mirrorless systems, including the Nikon Z6 III and Sony FX3 cinema platforms, which capture immense dynamic range. We utilize prime lens systems with wide maximum apertures, enabling our crew to control focus fields tightly and produce smooth background separation. This technical depth is particularly vital during key moments of <strong>Baby Photoshoot</strong>, as it allows us to isolate subjects cleanly from busy visual backdrops. Beyond equipment, light coordination is the true benchmark of luxury photography. Whether we are utilizing the soft golden sun of early evening or employing our custom-balanced off-camera flash units, we balance highlight gradients carefully to preserve natural skin textures and color fidelity.

Our commitment to authenticity is represented by our 100% Identity Promise. In an era where artificial intelligence and synthetic filters are frequently used to modify human appearances, we have chosen a different path. We guarantee that your final portraits will be entirely free of digital face-swapping, artificial skin whitening, or computer-generated facial alterations. Our post-production pipeline focuses exclusively on clean color correction, highlight reclamation, and micro-contrast enhancement. This ensures that the individuals in our photographs look like themselves on their absolute best day — preserving their genuine identity, expressions, and natural beauty. Our clients trust us because they know their legacy albums will reflect their true visual identity, capturing their milestones with honesty and grace.

The planning phase is the foundation upon which all successful visual stories are built. Long before our crew arrives on set, we conduct thorough styling, conceptual coordination, and venue walkthroughs. During this stage, we analyze color stories, architectural angles, and light directions to formulate a definitive shoot plan. We believe that proper wardrobe coordination is essential for creating high-end imagery; we recommend neutral palettes, jewel tones, and fine fabrics that complement rather than clash with the environment. By aligning styling variables early, we allow the session day to flow with relaxed ease, giving the subjects the space to act naturally and enjoy the experience. This collaborative process ensures that there are no surprises, only beautiful, unforced moments that capture your true chemistry.

During an active shoot session, our crew operates with structured discretion. Rather than directing subjects into rigid, uncomfortable poses, we use natural prompts that elicit genuine smiles, quiet glances, and authentic laughter. This approach is particularly effective for <strong>Baby Photoshoot</strong>, where emotional resonance is the ultimate goal. We observe local details, clothing textures, and light reflections, capturing the complete atmosphere of the event. Our team remains attentive and prepared, anticipating key moments to ensure they are recorded with perfect timing. By maintaining a calm, supportive presence, we enable our subjects to build rapport with the camera, yielding relaxed, editorial imagery that speaks volumes.

Post-production is where the raw files are crafted into their final, signature look. Our dedicated editing team reviews the complete set, culling duplicates to compile a cohesive, narrative sequence. We apply custom-built color profiles that enhance warm amber tones and rich dark gradients while maintaining perfect color balance. Every selected image undergoes careful highlight adjustments to ensure that the delicate details of wedding gowns, family heirlooms, or child smiles are visible. The final collection is uploaded to a secure, password-protected private gallery portal, allowing you to download high-resolution files and share them with loved ones easily. We also offer custom-designed fine-art albums, printed on archival cotton papers and hand-bound in leather, ensuring your milestones survive as physical legacies.

Investing in professional photography is ultimately an investment in your family's visual legacy. As years pass, digital links may be updated, but a physical fine-art album remains a permanent centerpiece of your home. It becomes the tangible record that future generations will explore to connect with your story, trace their roots, and feel the love and joy of your milestones. Our dual-branch structure across Delhi NCR and Amritsar allows us to deliver this premium standard of service across Northern India with consistent operational excellence. We limit our seasonal bookings strictly to guarantee that every client receives our complete focus and creative energy, resulting in a bespoke product that represents the peak of modern luxury visual art.","Access to whimsical, high-quality play props and toys
Sanitized play area with soft mats and baby-safe lighting
Patience-focused team expert in eliciting genuine baby smiles
Dynamic action capture of crawls, sits, and milestone expressions
High-resolution clean edited digital portraits
Flexible scheduling around baby's optimal active hours","Active Hour Scheduling
Interactive Play Session Setup
High-Speed Expression Capture
Clean Color Profiling & Editing
Joyful Album/Digital Delivery",Luxury Baby Photoshoot in Amritsar | Fine-Art Photographer,Document your baby photoshoot in Amritsar. {brand_name} offers premium editorial photography capturing authentic moments across Punjab.,"For families and couples seeking a premium <strong>Baby Photoshoot in Amritsar</strong>, the historical landscape of Punjab offers an unparalleled backdrop. Amritsar is not merely a location; it is a profound visual canvas rich with cultural weight, textured brick architecture, and golden solar gradients. When documenting milestones here, our Amritsar branch crew utilizes the unique geometry of heritage locations, including the fortress walls of Fort Gobindgarh, the rustic arches of old-city havelis, and the serene manicured grounds of Ram Bagh. The warm, terracotta brickwork and historic wooden doors of Punjab provide a natural color contrast when paired with modern, elegant wardrobe choices. By planning shoots around the sun's trajectory in these open environments, we leverage soft light to sculpt faces naturally, maintaining complete identity accuracy without the need for artificial filters.

Executing high-end photography in Amritsar requires a deep understanding of local light behavior and peak seasonal timing. The golden hour in Amritsar is famously soft, delivering a warm amber glow that enhances skin tones and highlights clothing details beautifully. Our local team conducts detailed scouting of locations like Ranjit Avenue, heritage haveli estates, and luxury hotels such as Hyatt Regency Amritsar and Taj Swarna. This allows us to map lighting patterns and shadows in advance, ensuring our Nikon Z6 III and Sony FX3 systems are calibrated perfectly for the local environment. We schedule sessions during the early morning or late afternoon hours when the sun is low, avoiding the harsh overhead shadows of midday and providing our clients with a relaxed, comfortable experience.

Our Amritsar studio is fully equipped to deliver the highest international standards of luxury photography. For maternity, newborn, and baby photoshoot sessions, we maintain a strictly sanitized, temperature-controlled environment that follows medical-grade hygiene protocols. All props, organic wraps, and clothing sets are thoroughly sanitized between sessions to ensure the complete safety of your little ones. Our local Amritsar team is dedicated to preserving the authentic spirit of Punjab, documenting family legacies, joyful milestones, and wedding celebrations with unretouched honesty. We invite you to visit our Ranjit Avenue studio to explore our physical fine-art albums and discuss how we can document your legacy story beautifully.",<p>Ready to capture your baby photoshoot in the heritage city of Amritsar? Connect with our Ranjit Avenue studio today via WhatsApp or our booking form to check date availability and review packages.</p>,"[{""question"": ""What is your turnaround time for final baby photoshoot photos?"", ""answer"": ""We deliver a highlight gallery within 7 days of the shoot. The complete, fully edited digital collection is delivered within 6 to 8 weeks, ensuring high-end retouching standards."", ""order"": 1}, {""question"": ""What is your policy on RAW / unedited baby photoshoot files?"", ""answer"": ""To maintain our brand standards and editorial quality, we do not release raw or unedited files. Every photograph in your gallery is carefully culled, color-balanced, and polished."", ""order"": 2}, {""question"": ""Do you travel for baby photoshoot sessions outside Delhi or Amritsar?"", ""answer"": ""Yes, our team frequently travels across India and internationally for assignments. Travel and accommodation fees are quoted transparently during booking."", ""order"": 3}, {""question"": ""How do you ensure data security during the baby photoshoot photoshoot?"", ""answer"": ""Our primary cameras record to dual card slots in real-time, providing immediate data redundancy. All files are immediately copied to encrypted local drives at the end of the session."", ""order"": 4}, {""question"": ""What wardrobe styles do you recommend for baby photoshoot?"", ""answer"": ""We recommend solid, cohesive tones (jewel colors, neutral shades, or soft pastels) and styling that avoids busy patterns. A wardrobe guide is shared prior to the shoot."", ""order"": 5}, {""question"": ""Can we customize our baby photoshoot packages?"", ""answer"": ""Absolutely. We offer tailored collections that adapt to your schedule, coverage needs, and specific print album requirements. Let us know your vision during your consultation."", ""order"": 6}, {""question"": ""What is your 100% Identity Promise?"", ""answer"": ""We pledge never to alter your facial features, whiten skin artificially, or apply synthetic face-swapping filters. We capture you naturally and authentically, at your absolute best."", ""order"": 7}, {""question"": ""How far in advance should we book?"", ""answer"": ""We recommend booking 3 to 6 months in advance for standard portraits, and 6 to 12 months in advance for peak wedding season commissions."", ""order"": 8}, {""question"": ""Do you offer custom print albums?"", ""answer"": ""Yes, we source hand-crafted, fine-art albums printed on archival paper. We custom-design the layout for each couple or family to deliver a true heirloom product."", ""order"": 9}, {""question"": ""Is makeup and hair styling included?"", ""answer"": ""Depending on the package, makeup and hair services can be bundled or coordinated with our partner stylists. We assist in styling recommendations for all sessions."", ""order"": 10}]",Premium Baby Photoshoot Delhi NCR | Editorial Photography,Looking for a luxury photographer for baby photoshoot in Delhi NCR? Contact {brand_name} for high-end portraits and cinematic films.,"The sprawling metropolitan landscape of Delhi NCR offers a dynamic mix of architectural eras, grand estates, and lush manicured parks, making it a spectacular canvas for <strong>Baby Photoshoot in Delhi NCR</strong>. From the clean, symmetrical geometry of Lutyens' Delhi and the artistic murals of the Lodhi Art District to the grand, high-ceiling ballrooms of Chanakyapuri and the sprawling farmhouses of Chattarpur, the visual choices are virtually limitless. Our Delhi NCR branch crew specializes in composing editorial portraits that utilize these diverse backdrops to tell sophisticated, modern stories. We select locations that provide ample physical depth, allowing us to use telephoto lenses to create a soft, creamy background blur that isolates our subjects beautifully against the city's lines.

Operating a luxury photography house in the capital region requires exceptional logistical planning and technical adaptiveness. The ambient light of Delhi NCR is highly variable, affected by seasonal changes and metropolitan textures. To capture pristine imagery, our Delhi crew leverages a combination of natural golden-hour sunlight and advanced, color-balanced off-camera lighting arrays. When shooting inside elite venues like Taj Palace Delhi, The Leela Ambience Gurugram, or ITC Maurya, we sync our flash units to match the ambient warm light of the ballrooms, ensuring skin tones remain natural and free of distracting color casts. This meticulous approach to lighting allows us to deliver high-resolution files that maintain incredible detail across highlights and deep shadows alike.

Our Delhi NCR branch serves Gurugram, Noida, South Delhi, Aerocity, and surrounding areas, delivering a seamless, premium client experience from the initial consultation to the final gallery delivery. Whether you are hosting a grand wedding gala at a luxury farmhouse or scheduling an intimate milestone photoshoot in our professional studio, we apply the same strict standards of safety, privacy, and artistic integrity. We offer a strict 100% Identity Promise, guaranteeing your photographs will feature zero artificial face-swapping or skin whitening, preserving your true essence. Contact our Delhi NCR studio today to discuss custom shoot concepts, verify date availability, and begin planning your visual legacy.","<p>Plan your editorial baby photoshoot session in Delhi NCR. Get in touch with our metropolitan branch to discuss locations, custom styling guidelines, and package options.</p>","[{""question"": ""What is your turnaround time for final baby photoshoot photos?"", ""answer"": ""We deliver a highlight gallery within 7 days of the shoot. The complete, fully edited digital collection is delivered within 6 to 8 weeks, ensuring high-end retouching standards."", ""order"": 1}, {""question"": ""What is your policy on RAW / unedited baby photoshoot files?"", ""answer"": ""To maintain our brand standards and editorial quality, we do not release raw or unedited files. Every photograph in your gallery is carefully culled, color-balanced, and polished."", ""order"": 2}, {""question"": ""Do you travel for baby photoshoot sessions outside Delhi or Amritsar?"", ""answer"": ""Yes, our team frequently travels across India and internationally for assignments. Travel and accommodation fees are quoted transparently during booking."", ""order"": 3}, {""question"": ""How do you ensure data security during the baby photoshoot photoshoot?"", ""answer"": ""Our primary cameras record to dual card slots in real-time, providing immediate data redundancy. All files are immediately copied to encrypted local drives at the end of the session."", ""order"": 4}, {""question"": ""What wardrobe styles do you recommend for baby photoshoot?"", ""answer"": ""We recommend solid, cohesive tones (jewel colors, neutral shades, or soft pastels) and styling that avoids busy patterns. A wardrobe guide is shared prior to the shoot."", ""order"": 5}, {""question"": ""Can we customize our baby photoshoot packages?"", ""answer"": ""Absolutely. We offer tailored collections that adapt to your schedule, coverage needs, and specific print album requirements. Let us know your vision during your consultation."", ""order"": 6}, {""question"": ""What is your 100% Identity Promise?"", ""answer"": ""We pledge never to alter your facial features, whiten skin artificially, or apply synthetic face-swapping filters. We capture you naturally and authentically, at your absolute best."", ""order"": 7}, {""question"": ""How far in advance should we book?"", ""answer"": ""We recommend booking 3 to 6 months in advance for standard portraits, and 6 to 12 months in advance for peak wedding season commissions."", ""order"": 8}, {""question"": ""Do you offer custom print albums?"", ""answer"": ""Yes, we source hand-crafted, fine-art albums printed on archival paper. We custom-design the layout for each couple or family to deliver a true heirloom product."", ""order"": 9}, {""question"": ""Is makeup and hair styling included?"", ""answer"": ""Depending on the package, makeup and hair services can be bundled or coordinated with our partner stylists. We assist in styling recommendations for all sessions."", ""order"": 10}]","[{""name"": ""Editorial Collection"", ""price"": ""₹50,000"", ""description"": ""A sophisticated baby photoshoot package designed for premium digital delivery and basic print needs."", ""features"": [""Up to 4 hours of dedicated on-location session coverage"", ""Fully retouched high-resolution digital files"", ""Private online gallery with password-protected sharing access"", ""Pre-shoot wardrobe and conceptual concept briefing"", ""Dual-card real-time backup security""]}, {""name"": ""Royal Heirloom Collection"", ""price"": ""₹80,000"", ""description"": ""Our signature full-service baby photoshoot collection providing absolute coverage, comprehensive styling, and custom physical legacy albums."", ""features"": [""Full day session coverage (up to 8 hours)"", ""Complete high-resolution digital archive with print release"", ""Custom designed, hand-bound leather fine-art album (40 pages)"", ""16x24 premium canvas wall print ready for display"", ""Complimentary behind-the-scenes cinematic teaser video reel"", ""Dedicated primary and secondary camera operators""]}]"
Cake Smash Photoshoot,cake-smash-photoshoot,🎂,🎂,,both,False,80,family,"₹55,000","cake smash photoshoot, cake smash photography, first birthday photoshoot",Fun Cake Smash Photoshoot | First Birthday Portraits,"Celebrate the first birthday milestone with a fun, messy cake smash photoshoot. Customizable themes and sanitized setups.","A fun, sensory-rich first birthday milestone session featuring custom theme setups, a beautiful cake, and messy splash bath photography.","In the field of high-end visual documentation, the art of <strong>Cake Smash Photoshoot</strong> represents a profound alignment of technical precision, creative vision, and emotional sensitivity. When undertaking a professional assignment, the modern digital creator must recognize that client expectations have shifted from basic documentative photography to an immersive, editorial narrative. A truly premium visual story does not merely record a timeline of events; it elevates everyday interactions, fleeting emotions, and subtle architectural spaces into an exquisite heirloom collection. At our luxury studios, we treat every single frame as a distinct canvas, utilizing advanced optical designs and strict capture guidelines to achieve this standard of visual excellence. We have designed a cohesive approach that balances soft, ambient lighting with crisp focus fields, ensuring that your final galleries feel noticeability premium, alive, and emotionally resonant.

To achieve an editorial look that rivals international publications, the technical production phase must be managed with absolute diligence. Our professional gear lists feature dual-slot mirrorless systems, including the Nikon Z6 III and Sony FX3 cinema platforms, which capture immense dynamic range. We utilize prime lens systems with wide maximum apertures, enabling our crew to control focus fields tightly and produce smooth background separation. This technical depth is particularly vital during key moments of <strong>Cake Smash Photoshoot</strong>, as it allows us to isolate subjects cleanly from busy visual backdrops. Beyond equipment, light coordination is the true benchmark of luxury photography. Whether we are utilizing the soft golden sun of early evening or employing our custom-balanced off-camera flash units, we balance highlight gradients carefully to preserve natural skin textures and color fidelity.

Our commitment to authenticity is represented by our 100% Identity Promise. In an era where artificial intelligence and synthetic filters are frequently used to modify human appearances, we have chosen a different path. We guarantee that your final portraits will be entirely free of digital face-swapping, artificial skin whitening, or computer-generated facial alterations. Our post-production pipeline focuses exclusively on clean color correction, highlight reclamation, and micro-contrast enhancement. This ensures that the individuals in our photographs look like themselves on their absolute best day — preserving their genuine identity, expressions, and natural beauty. Our clients trust us because they know their legacy albums will reflect their true visual identity, capturing their milestones with honesty and grace.

The planning phase is the foundation upon which all successful visual stories are built. Long before our crew arrives on set, we conduct thorough styling, conceptual coordination, and venue walkthroughs. During this stage, we analyze color stories, architectural angles, and light directions to formulate a definitive shoot plan. We believe that proper wardrobe coordination is essential for creating high-end imagery; we recommend neutral palettes, jewel tones, and fine fabrics that complement rather than clash with the environment. By aligning styling variables early, we allow the session day to flow with relaxed ease, giving the subjects the space to act naturally and enjoy the experience. This collaborative process ensures that there are no surprises, only beautiful, unforced moments that capture your true chemistry.

During an active shoot session, our crew operates with structured discretion. Rather than directing subjects into rigid, uncomfortable poses, we use natural prompts that elicit genuine smiles, quiet glances, and authentic laughter. This approach is particularly effective for <strong>Cake Smash Photoshoot</strong>, where emotional resonance is the ultimate goal. We observe local details, clothing textures, and light reflections, capturing the complete atmosphere of the event. Our team remains attentive and prepared, anticipating key moments to ensure they are recorded with perfect timing. By maintaining a calm, supportive presence, we enable our subjects to build rapport with the camera, yielding relaxed, editorial imagery that speaks volumes.

Post-production is where the raw files are crafted into their final, signature look. Our dedicated editing team reviews the complete set, culling duplicates to compile a cohesive, narrative sequence. We apply custom-built color profiles that enhance warm amber tones and rich dark gradients while maintaining perfect color balance. Every selected image undergoes careful highlight adjustments to ensure that the delicate details of wedding gowns, family heirlooms, or child smiles are visible. The final collection is uploaded to a secure, password-protected private gallery portal, allowing you to download high-resolution files and share them with loved ones easily. We also offer custom-designed fine-art albums, printed on archival cotton papers and hand-bound in leather, ensuring your milestones survive as physical legacies.

Investing in professional photography is ultimately an investment in your family's visual legacy. As years pass, digital links may be updated, but a physical fine-art album remains a permanent centerpiece of your home. It becomes the tangible record that future generations will explore to connect with your story, trace their roots, and feel the love and joy of your milestones. Our dual-branch structure across Delhi NCR and Amritsar allows us to deliver this premium standard of service across Northern India with consistent operational excellence. We limit our seasonal bookings strictly to guarantee that every client receives our complete focus and creative energy, resulting in a bespoke product that represents the peak of modern luxury visual art.","Bespoke backdrop styling matching your choice of theme
Coordination of baby-safe organic smash cake options
Post-smash bubble splash bath photography session
Sanitized setups and immediate warm towel cleanup service
High-resolution action-packed edited digital images
Custom first-birthday collage digital template","Theme & Backdrop Custom Styling
Smash Time Messy Interaction Capture
Splash Time Warm Tub Bubble Session
Cleanup & Warm Towel Transition
High-Speed Fun Retouching & Delivery",Luxury Cake Smash Photoshoot in Amritsar | Fine-Art Photographer,Document your cake smash photoshoot in Amritsar. {brand_name} offers premium editorial photography capturing authentic moments across Punjab.,"For families and couples seeking a premium <strong>Cake Smash Photoshoot in Amritsar</strong>, the historical landscape of Punjab offers an unparalleled backdrop. Amritsar is not merely a location; it is a profound visual canvas rich with cultural weight, textured brick architecture, and golden solar gradients. When documenting milestones here, our Amritsar branch crew utilizes the unique geometry of heritage locations, including the fortress walls of Fort Gobindgarh, the rustic arches of old-city havelis, and the serene manicured grounds of Ram Bagh. The warm, terracotta brickwork and historic wooden doors of Punjab provide a natural color contrast when paired with modern, elegant wardrobe choices. By planning shoots around the sun's trajectory in these open environments, we leverage soft light to sculpt faces naturally, maintaining complete identity accuracy without the need for artificial filters.

Executing high-end photography in Amritsar requires a deep understanding of local light behavior and peak seasonal timing. The golden hour in Amritsar is famously soft, delivering a warm amber glow that enhances skin tones and highlights clothing details beautifully. Our local team conducts detailed scouting of locations like Ranjit Avenue, heritage haveli estates, and luxury hotels such as Hyatt Regency Amritsar and Taj Swarna. This allows us to map lighting patterns and shadows in advance, ensuring our Nikon Z6 III and Sony FX3 systems are calibrated perfectly for the local environment. We schedule sessions during the early morning or late afternoon hours when the sun is low, avoiding the harsh overhead shadows of midday and providing our clients with a relaxed, comfortable experience.

Our Amritsar studio is fully equipped to deliver the highest international standards of luxury photography. For maternity, newborn, and baby photoshoot sessions, we maintain a strictly sanitized, temperature-controlled environment that follows medical-grade hygiene protocols. All props, organic wraps, and clothing sets are thoroughly sanitized between sessions to ensure the complete safety of your little ones. Our local Amritsar team is dedicated to preserving the authentic spirit of Punjab, documenting family legacies, joyful milestones, and wedding celebrations with unretouched honesty. We invite you to visit our Ranjit Avenue studio to explore our physical fine-art albums and discuss how we can document your legacy story beautifully.",<p>Ready to capture your cake smash photoshoot in the heritage city of Amritsar? Connect with our Ranjit Avenue studio today via WhatsApp or our booking form to check date availability and review packages.</p>,"[{""question"": ""What is your turnaround time for final cake smash photoshoot photos?"", ""answer"": ""We deliver a highlight gallery within 7 days of the shoot. The complete, fully edited digital collection is delivered within 6 to 8 weeks, ensuring high-end retouching standards."", ""order"": 1}, {""question"": ""What is your policy on RAW / unedited cake smash photoshoot files?"", ""answer"": ""To maintain our brand standards and editorial quality, we do not release raw or unedited files. Every photograph in your gallery is carefully culled, color-balanced, and polished."", ""order"": 2}, {""question"": ""Do you travel for cake smash photoshoot sessions outside Delhi or Amritsar?"", ""answer"": ""Yes, our team frequently travels across India and internationally for assignments. Travel and accommodation fees are quoted transparently during booking."", ""order"": 3}, {""question"": ""How do you ensure data security during the cake smash photoshoot photoshoot?"", ""answer"": ""Our primary cameras record to dual card slots in real-time, providing immediate data redundancy. All files are immediately copied to encrypted local drives at the end of the session."", ""order"": 4}, {""question"": ""What wardrobe styles do you recommend for cake smash photoshoot?"", ""answer"": ""We recommend solid, cohesive tones (jewel colors, neutral shades, or soft pastels) and styling that avoids busy patterns. A wardrobe guide is shared prior to the shoot."", ""order"": 5}, {""question"": ""Can we customize our cake smash photoshoot packages?"", ""answer"": ""Absolutely. We offer tailored collections that adapt to your schedule, coverage needs, and specific print album requirements. Let us know your vision during your consultation."", ""order"": 6}, {""question"": ""What is your 100% Identity Promise?"", ""answer"": ""We pledge never to alter your facial features, whiten skin artificially, or apply synthetic face-swapping filters. We capture you naturally and authentically, at your absolute best."", ""order"": 7}, {""question"": ""How far in advance should we book?"", ""answer"": ""We recommend booking 3 to 6 months in advance for standard portraits, and 6 to 12 months in advance for peak wedding season commissions."", ""order"": 8}, {""question"": ""Do you offer custom print albums?"", ""answer"": ""Yes, we source hand-crafted, fine-art albums printed on archival paper. We custom-design the layout for each couple or family to deliver a true heirloom product."", ""order"": 9}, {""question"": ""Is makeup and hair styling included?"", ""answer"": ""Depending on the package, makeup and hair services can be bundled or coordinated with our partner stylists. We assist in styling recommendations for all sessions."", ""order"": 10}]",Premium Cake Smash Photoshoot Delhi NCR | Editorial Photography,Looking for a luxury photographer for cake smash photoshoot in Delhi NCR? Contact {brand_name} for high-end portraits and cinematic films.,"The sprawling metropolitan landscape of Delhi NCR offers a dynamic mix of architectural eras, grand estates, and lush manicured parks, making it a spectacular canvas for <strong>Cake Smash Photoshoot in Delhi NCR</strong>. From the clean, symmetrical geometry of Lutyens' Delhi and the artistic murals of the Lodhi Art District to the grand, high-ceiling ballrooms of Chanakyapuri and the sprawling farmhouses of Chattarpur, the visual choices are virtually limitless. Our Delhi NCR branch crew specializes in composing editorial portraits that utilize these diverse backdrops to tell sophisticated, modern stories. We select locations that provide ample physical depth, allowing us to use telephoto lenses to create a soft, creamy background blur that isolates our subjects beautifully against the city's lines.

Operating a luxury photography house in the capital region requires exceptional logistical planning and technical adaptiveness. The ambient light of Delhi NCR is highly variable, affected by seasonal changes and metropolitan textures. To capture pristine imagery, our Delhi crew leverages a combination of natural golden-hour sunlight and advanced, color-balanced off-camera lighting arrays. When shooting inside elite venues like Taj Palace Delhi, The Leela Ambience Gurugram, or ITC Maurya, we sync our flash units to match the ambient warm light of the ballrooms, ensuring skin tones remain natural and free of distracting color casts. This meticulous approach to lighting allows us to deliver high-resolution files that maintain incredible detail across highlights and deep shadows alike.

Our Delhi NCR branch serves Gurugram, Noida, South Delhi, Aerocity, and surrounding areas, delivering a seamless, premium client experience from the initial consultation to the final gallery delivery. Whether you are hosting a grand wedding gala at a luxury farmhouse or scheduling an intimate milestone photoshoot in our professional studio, we apply the same strict standards of safety, privacy, and artistic integrity. We offer a strict 100% Identity Promise, guaranteeing your photographs will feature zero artificial face-swapping or skin whitening, preserving your true essence. Contact our Delhi NCR studio today to discuss custom shoot concepts, verify date availability, and begin planning your visual legacy.","<p>Plan your editorial cake smash photoshoot session in Delhi NCR. Get in touch with our metropolitan branch to discuss locations, custom styling guidelines, and package options.</p>","[{""question"": ""What is your turnaround time for final cake smash photoshoot photos?"", ""answer"": ""We deliver a highlight gallery within 7 days of the shoot. The complete, fully edited digital collection is delivered within 6 to 8 weeks, ensuring high-end retouching standards."", ""order"": 1}, {""question"": ""What is your policy on RAW / unedited cake smash photoshoot files?"", ""answer"": ""To maintain our brand standards and editorial quality, we do not release raw or unedited files. Every photograph in your gallery is carefully culled, color-balanced, and polished."", ""order"": 2}, {""question"": ""Do you travel for cake smash photoshoot sessions outside Delhi or Amritsar?"", ""answer"": ""Yes, our team frequently travels across India and internationally for assignments. Travel and accommodation fees are quoted transparently during booking."", ""order"": 3}, {""question"": ""How do you ensure data security during the cake smash photoshoot photoshoot?"", ""answer"": ""Our primary cameras record to dual card slots in real-time, providing immediate data redundancy. All files are immediately copied to encrypted local drives at the end of the session."", ""order"": 4}, {""question"": ""What wardrobe styles do you recommend for cake smash photoshoot?"", ""answer"": ""We recommend solid, cohesive tones (jewel colors, neutral shades, or soft pastels) and styling that avoids busy patterns. A wardrobe guide is shared prior to the shoot."", ""order"": 5}, {""question"": ""Can we customize our cake smash photoshoot packages?"", ""answer"": ""Absolutely. We offer tailored collections that adapt to your schedule, coverage needs, and specific print album requirements. Let us know your vision during your consultation."", ""order"": 6}, {""question"": ""What is your 100% Identity Promise?"", ""answer"": ""We pledge never to alter your facial features, whiten skin artificially, or apply synthetic face-swapping filters. We capture you naturally and authentically, at your absolute best."", ""order"": 7}, {""question"": ""How far in advance should we book?"", ""answer"": ""We recommend booking 3 to 6 months in advance for standard portraits, and 6 to 12 months in advance for peak wedding season commissions."", ""order"": 8}, {""question"": ""Do you offer custom print albums?"", ""answer"": ""Yes, we source hand-crafted, fine-art albums printed on archival paper. We custom-design the layout for each couple or family to deliver a true heirloom product."", ""order"": 9}, {""question"": ""Is makeup and hair styling included?"", ""answer"": ""Depending on the package, makeup and hair services can be bundled or coordinated with our partner stylists. We assist in styling recommendations for all sessions."", ""order"": 10}]","[{""name"": ""Editorial Collection"", ""price"": ""₹55,000"", ""description"": ""A sophisticated cake smash photoshoot package designed for premium digital delivery and basic print needs."", ""features"": [""Up to 4 hours of dedicated on-location session coverage"", ""Fully retouched high-resolution digital files"", ""Private online gallery with password-protected sharing access"", ""Pre-shoot wardrobe and conceptual concept briefing"", ""Dual-card real-time backup security""]}, {""name"": ""Royal Heirloom Collection"", ""price"": ""₹88,000"", ""description"": ""Our signature full-service cake smash photoshoot collection providing absolute coverage, comprehensive styling, and custom physical legacy albums."", ""features"": [""Full day session coverage (up to 8 hours)"", ""Complete high-resolution digital archive with print release"", ""Custom designed, hand-bound leather fine-art album (40 pages)"", ""16x24 premium canvas wall print ready for display"", ""Complimentary behind-the-scenes cinematic teaser video reel"", ""Dedicated primary and secondary camera operators""]}]"
First Birthday Photoshoot,first-birthday-photoshoot,🎈,🎈,,both,False,90,family,"₹50,000","first birthday photoshoot, birthday photography, baby first birthday",First Birthday Photoshoot | Timeless Family Celebrations,Document the monumental first birthday milestone. Timeless portraits of your baby combined with warm family legacy groupings.,"Bespoke first birthday portraits combining elegant baby solos, whimsical balloons, and heartfelt multi-generational family groupings.","In the field of high-end visual documentation, the art of <strong>First Birthday Photoshoot</strong> represents a profound alignment of technical precision, creative vision, and emotional sensitivity. When undertaking a professional assignment, the modern digital creator must recognize that client expectations have shifted from basic documentative photography to an immersive, editorial narrative. A truly premium visual story does not merely record a timeline of events; it elevates everyday interactions, fleeting emotions, and subtle architectural spaces into an exquisite heirloom collection. At our luxury studios, we treat every single frame as a distinct canvas, utilizing advanced optical designs and strict capture guidelines to achieve this standard of visual excellence. We have designed a cohesive approach that balances soft, ambient lighting with crisp focus fields, ensuring that your final galleries feel noticeability premium, alive, and emotionally resonant.

To achieve an editorial look that rivals international publications, the technical production phase must be managed with absolute diligence. Our professional gear lists feature dual-slot mirrorless systems, including the Nikon Z6 III and Sony FX3 cinema platforms, which capture immense dynamic range. We utilize prime lens systems with wide maximum apertures, enabling our crew to control focus fields tightly and produce smooth background separation. This technical depth is particularly vital during key moments of <strong>First Birthday Photoshoot</strong>, as it allows us to isolate subjects cleanly from busy visual backdrops. Beyond equipment, light coordination is the true benchmark of luxury photography. Whether we are utilizing the soft golden sun of early evening or employing our custom-balanced off-camera flash units, we balance highlight gradients carefully to preserve natural skin textures and color fidelity.

Our commitment to authenticity is represented by our 100% Identity Promise. In an era where artificial intelligence and synthetic filters are frequently used to modify human appearances, we have chosen a different path. We guarantee that your final portraits will be entirely free of digital face-swapping, artificial skin whitening, or computer-generated facial alterations. Our post-production pipeline focuses exclusively on clean color correction, highlight reclamation, and micro-contrast enhancement. This ensures that the individuals in our photographs look like themselves on their absolute best day — preserving their genuine identity, expressions, and natural beauty. Our clients trust us because they know their legacy albums will reflect their true visual identity, capturing their milestones with honesty and grace.

The planning phase is the foundation upon which all successful visual stories are built. Long before our crew arrives on set, we conduct thorough styling, conceptual coordination, and venue walkthroughs. During this stage, we analyze color stories, architectural angles, and light directions to formulate a definitive shoot plan. We believe that proper wardrobe coordination is essential for creating high-end imagery; we recommend neutral palettes, jewel tones, and fine fabrics that complement rather than clash with the environment. By aligning styling variables early, we allow the session day to flow with relaxed ease, giving the subjects the space to act naturally and enjoy the experience. This collaborative process ensures that there are no surprises, only beautiful, unforced moments that capture your true chemistry.

During an active shoot session, our crew operates with structured discretion. Rather than directing subjects into rigid, uncomfortable poses, we use natural prompts that elicit genuine smiles, quiet glances, and authentic laughter. This approach is particularly effective for <strong>First Birthday Photoshoot</strong>, where emotional resonance is the ultimate goal. We observe local details, clothing textures, and light reflections, capturing the complete atmosphere of the event. Our team remains attentive and prepared, anticipating key moments to ensure they are recorded with perfect timing. By maintaining a calm, supportive presence, we enable our subjects to build rapport with the camera, yielding relaxed, editorial imagery that speaks volumes.

Post-production is where the raw files are crafted into their final, signature look. Our dedicated editing team reviews the complete set, culling duplicates to compile a cohesive, narrative sequence. We apply custom-built color profiles that enhance warm amber tones and rich dark gradients while maintaining perfect color balance. Every selected image undergoes careful highlight adjustments to ensure that the delicate details of wedding gowns, family heirlooms, or child smiles are visible. The final collection is uploaded to a secure, password-protected private gallery portal, allowing you to download high-resolution files and share them with loved ones easily. We also offer custom-designed fine-art albums, printed on archival cotton papers and hand-bound in leather, ensuring your milestones survive as physical legacies.

Investing in professional photography is ultimately an investment in your family's visual legacy. As years pass, digital links may be updated, but a physical fine-art album remains a permanent centerpiece of your home. It becomes the tangible record that future generations will explore to connect with your story, trace their roots, and feel the love and joy of your milestones. Our dual-branch structure across Delhi NCR and Amritsar allows us to deliver this premium standard of service across Northern India with consistent operational excellence. We limit our seasonal bookings strictly to guarantee that every client receives our complete focus and creative energy, resulting in a bespoke product that represents the peak of modern luxury visual art.","Customized birthday set styling (balloons, letters, number 1)
Legacy family portrait session with parents and grandparents
High-resolution clean edited digital images via gallery
Curated milestone portrait setup showcasing growth stages
Bespoke birthday highlight video reel (30 seconds)
Keepsake digital invitation card layout included","Milestone Stage Conceptual Design
Solo Portrait Set Capture
Family Legacy Integration Session
Festive Editing & Color Optimization
Milestone Gallery Delivery",Luxury First Birthday Photoshoot in Amritsar | Fine-Art Photographer,Document your first birthday photoshoot in Amritsar. {brand_name} offers premium editorial photography capturing authentic moments across Punjab.,"For families and couples seeking a premium <strong>First Birthday Photoshoot in Amritsar</strong>, the historical landscape of Punjab offers an unparalleled backdrop. Amritsar is not merely a location; it is a profound visual canvas rich with cultural weight, textured brick architecture, and golden solar gradients. When documenting milestones here, our Amritsar branch crew utilizes the unique geometry of heritage locations, including the fortress walls of Fort Gobindgarh, the rustic arches of old-city havelis, and the serene manicured grounds of Ram Bagh. The warm, terracotta brickwork and historic wooden doors of Punjab provide a natural color contrast when paired with modern, elegant wardrobe choices. By planning shoots around the sun's trajectory in these open environments, we leverage soft light to sculpt faces naturally, maintaining complete identity accuracy without the need for artificial filters.

Executing high-end photography in Amritsar requires a deep understanding of local light behavior and peak seasonal timing. The golden hour in Amritsar is famously soft, delivering a warm amber glow that enhances skin tones and highlights clothing details beautifully. Our local team conducts detailed scouting of locations like Ranjit Avenue, heritage haveli estates, and luxury hotels such as Hyatt Regency Amritsar and Taj Swarna. This allows us to map lighting patterns and shadows in advance, ensuring our Nikon Z6 III and Sony FX3 systems are calibrated perfectly for the local environment. We schedule sessions during the early morning or late afternoon hours when the sun is low, avoiding the harsh overhead shadows of midday and providing our clients with a relaxed, comfortable experience.

Our Amritsar studio is fully equipped to deliver the highest international standards of luxury photography. For maternity, newborn, and baby photoshoot sessions, we maintain a strictly sanitized, temperature-controlled environment that follows medical-grade hygiene protocols. All props, organic wraps, and clothing sets are thoroughly sanitized between sessions to ensure the complete safety of your little ones. Our local Amritsar team is dedicated to preserving the authentic spirit of Punjab, documenting family legacies, joyful milestones, and wedding celebrations with unretouched honesty. We invite you to visit our Ranjit Avenue studio to explore our physical fine-art albums and discuss how we can document your legacy story beautifully.",<p>Ready to capture your first birthday photoshoot in the heritage city of Amritsar? Connect with our Ranjit Avenue studio today via WhatsApp or our booking form to check date availability and review packages.</p>,"[{""question"": ""What is your turnaround time for final first birthday photoshoot photos?"", ""answer"": ""We deliver a highlight gallery within 7 days of the shoot. The complete, fully edited digital collection is delivered within 6 to 8 weeks, ensuring high-end retouching standards."", ""order"": 1}, {""question"": ""What is your policy on RAW / unedited first birthday photoshoot files?"", ""answer"": ""To maintain our brand standards and editorial quality, we do not release raw or unedited files. Every photograph in your gallery is carefully culled, color-balanced, and polished."", ""order"": 2}, {""question"": ""Do you travel for first birthday photoshoot sessions outside Delhi or Amritsar?"", ""answer"": ""Yes, our team frequently travels across India and internationally for assignments. Travel and accommodation fees are quoted transparently during booking."", ""order"": 3}, {""question"": ""How do you ensure data security during the first birthday photoshoot photoshoot?"", ""answer"": ""Our primary cameras record to dual card slots in real-time, providing immediate data redundancy. All files are immediately copied to encrypted local drives at the end of the session."", ""order"": 4}, {""question"": ""What wardrobe styles do you recommend for first birthday photoshoot?"", ""answer"": ""We recommend solid, cohesive tones (jewel colors, neutral shades, or soft pastels) and styling that avoids busy patterns. A wardrobe guide is shared prior to the shoot."", ""order"": 5}, {""question"": ""Can we customize our first birthday photoshoot packages?"", ""answer"": ""Absolutely. We offer tailored collections that adapt to your schedule, coverage needs, and specific print album requirements. Let us know your vision during your consultation."", ""order"": 6}, {""question"": ""What is your 100% Identity Promise?"", ""answer"": ""We pledge never to alter your facial features, whiten skin artificially, or apply synthetic face-swapping filters. We capture you naturally and authentically, at your absolute best."", ""order"": 7}, {""question"": ""How far in advance should we book?"", ""answer"": ""We recommend booking 3 to 6 months in advance for standard portraits, and 6 to 12 months in advance for peak wedding season commissions."", ""order"": 8}, {""question"": ""Do you offer custom print albums?"", ""answer"": ""Yes, we source hand-crafted, fine-art albums printed on archival paper. We custom-design the layout for each couple or family to deliver a true heirloom product."", ""order"": 9}, {""question"": ""Is makeup and hair styling included?"", ""answer"": ""Depending on the package, makeup and hair services can be bundled or coordinated with our partner stylists. We assist in styling recommendations for all sessions."", ""order"": 10}]",Premium First Birthday Photoshoot Delhi NCR | Editorial Photography,Looking for a luxury photographer for first birthday photoshoot in Delhi NCR? Contact {brand_name} for high-end portraits and cinematic films.,"The sprawling metropolitan landscape of Delhi NCR offers a dynamic mix of architectural eras, grand estates, and lush manicured parks, making it a spectacular canvas for <strong>First Birthday Photoshoot in Delhi NCR</strong>. From the clean, symmetrical geometry of Lutyens' Delhi and the artistic murals of the Lodhi Art District to the grand, high-ceiling ballrooms of Chanakyapuri and the sprawling farmhouses of Chattarpur, the visual choices are virtually limitless. Our Delhi NCR branch crew specializes in composing editorial portraits that utilize these diverse backdrops to tell sophisticated, modern stories. We select locations that provide ample physical depth, allowing us to use telephoto lenses to create a soft, creamy background blur that isolates our subjects beautifully against the city's lines.

Operating a luxury photography house in the capital region requires exceptional logistical planning and technical adaptiveness. The ambient light of Delhi NCR is highly variable, affected by seasonal changes and metropolitan textures. To capture pristine imagery, our Delhi crew leverages a combination of natural golden-hour sunlight and advanced, color-balanced off-camera lighting arrays. When shooting inside elite venues like Taj Palace Delhi, The Leela Ambience Gurugram, or ITC Maurya, we sync our flash units to match the ambient warm light of the ballrooms, ensuring skin tones remain natural and free of distracting color casts. This meticulous approach to lighting allows us to deliver high-resolution files that maintain incredible detail across highlights and deep shadows alike.

Our Delhi NCR branch serves Gurugram, Noida, South Delhi, Aerocity, and surrounding areas, delivering a seamless, premium client experience from the initial consultation to the final gallery delivery. Whether you are hosting a grand wedding gala at a luxury farmhouse or scheduling an intimate milestone photoshoot in our professional studio, we apply the same strict standards of safety, privacy, and artistic integrity. We offer a strict 100% Identity Promise, guaranteeing your photographs will feature zero artificial face-swapping or skin whitening, preserving your true essence. Contact our Delhi NCR studio today to discuss custom shoot concepts, verify date availability, and begin planning your visual legacy.","<p>Plan your editorial first birthday photoshoot session in Delhi NCR. Get in touch with our metropolitan branch to discuss locations, custom styling guidelines, and package options.</p>","[{""question"": ""What is your turnaround time for final first birthday photoshoot photos?"", ""answer"": ""We deliver a highlight gallery within 7 days of the shoot. The complete, fully edited digital collection is delivered within 6 to 8 weeks, ensuring high-end retouching standards."", ""order"": 1}, {""question"": ""What is your policy on RAW / unedited first birthday photoshoot files?"", ""answer"": ""To maintain our brand standards and editorial quality, we do not release raw or unedited files. Every photograph in your gallery is carefully culled, color-balanced, and polished."", ""order"": 2}, {""question"": ""Do you travel for first birthday photoshoot sessions outside Delhi or Amritsar?"", ""answer"": ""Yes, our team frequently travels across India and internationally for assignments. Travel and accommodation fees are quoted transparently during booking."", ""order"": 3}, {""question"": ""How do you ensure data security during the first birthday photoshoot photoshoot?"", ""answer"": ""Our primary cameras record to dual card slots in real-time, providing immediate data redundancy. All files are immediately copied to encrypted local drives at the end of the session."", ""order"": 4}, {""question"": ""What wardrobe styles do you recommend for first birthday photoshoot?"", ""answer"": ""We recommend solid, cohesive tones (jewel colors, neutral shades, or soft pastels) and styling that avoids busy patterns. A wardrobe guide is shared prior to the shoot."", ""order"": 5}, {""question"": ""Can we customize our first birthday photoshoot packages?"", ""answer"": ""Absolutely. We offer tailored collections that adapt to your schedule, coverage needs, and specific print album requirements. Let us know your vision during your consultation."", ""order"": 6}, {""question"": ""What is your 100% Identity Promise?"", ""answer"": ""We pledge never to alter your facial features, whiten skin artificially, or apply synthetic face-swapping filters. We capture you naturally and authentically, at your absolute best."", ""order"": 7}, {""question"": ""How far in advance should we book?"", ""answer"": ""We recommend booking 3 to 6 months in advance for standard portraits, and 6 to 12 months in advance for peak wedding season commissions."", ""order"": 8}, {""question"": ""Do you offer custom print albums?"", ""answer"": ""Yes, we source hand-crafted, fine-art albums printed on archival paper. We custom-design the layout for each couple or family to deliver a true heirloom product."", ""order"": 9}, {""question"": ""Is makeup and hair styling included?"", ""answer"": ""Depending on the package, makeup and hair services can be bundled or coordinated with our partner stylists. We assist in styling recommendations for all sessions."", ""order"": 10}]","[{""name"": ""Editorial Collection"", ""price"": ""₹50,000"", ""description"": ""A sophisticated first birthday photoshoot package designed for premium digital delivery and basic print needs."", ""features"": [""Up to 4 hours of dedicated on-location session coverage"", ""Fully retouched high-resolution digital files"", ""Private online gallery with password-protected sharing access"", ""Pre-shoot wardrobe and conceptual concept briefing"", ""Dual-card real-time backup security""]}, {""name"": ""Royal Heirloom Collection"", ""price"": ""₹80,000"", ""description"": ""Our signature full-service first birthday photoshoot collection providing absolute coverage, comprehensive styling, and custom physical legacy albums."", ""features"": [""Full day session coverage (up to 8 hours)"", ""Complete high-resolution digital archive with print release"", ""Custom designed, hand-bound leather fine-art album (40 pages)"", ""16x24 premium canvas wall print ready for display"", ""Complimentary behind-the-scenes cinematic teaser video reel"", ""Dedicated primary and secondary camera operators""]}]"
Kids Photography,kids-photography,🪁,🪁,,both,False,100,family,"₹45,000","kids photography, child portraiture, children photoshoot",Editorial Kids Photography | Natural Child Portraiture,"Natural, unforced children's portraiture. {brand_name} captures your child's genuine spirit, laughter, and curious eyes.","Natural and unforced children’s portraiture documenting the genuine spirit, laughter, and creative curiosity of your child.","In the field of high-end visual documentation, the art of <strong>Kids Photography</strong> represents a profound alignment of technical precision, creative vision, and emotional sensitivity. When undertaking a professional assignment, the modern digital creator must recognize that client expectations have shifted from basic documentative photography to an immersive, editorial narrative. A truly premium visual story does not merely record a timeline of events; it elevates everyday interactions, fleeting emotions, and subtle architectural spaces into an exquisite heirloom collection. At our luxury studios, we treat every single frame as a distinct canvas, utilizing advanced optical designs and strict capture guidelines to achieve this standard of visual excellence. We have designed a cohesive approach that balances soft, ambient lighting with crisp focus fields, ensuring that your final galleries feel noticeability premium, alive, and emotionally resonant.

To achieve an editorial look that rivals international publications, the technical production phase must be managed with absolute diligence. Our professional gear lists feature dual-slot mirrorless systems, including the Nikon Z6 III and Sony FX3 cinema platforms, which capture immense dynamic range. We utilize prime lens systems with wide maximum apertures, enabling our crew to control focus fields tightly and produce smooth background separation. This technical depth is particularly vital during key moments of <strong>Kids Photography</strong>, as it allows us to isolate subjects cleanly from busy visual backdrops. Beyond equipment, light coordination is the true benchmark of luxury photography. Whether we are utilizing the soft golden sun of early evening or employing our custom-balanced off-camera flash units, we balance highlight gradients carefully to preserve natural skin textures and color fidelity.

Our commitment to authenticity is represented by our 100% Identity Promise. In an era where artificial intelligence and synthetic filters are frequently used to modify human appearances, we have chosen a different path. We guarantee that your final portraits will be entirely free of digital face-swapping, artificial skin whitening, or computer-generated facial alterations. Our post-production pipeline focuses exclusively on clean color correction, highlight reclamation, and micro-contrast enhancement. This ensures that the individuals in our photographs look like themselves on their absolute best day — preserving their genuine identity, expressions, and natural beauty. Our clients trust us because they know their legacy albums will reflect their true visual identity, capturing their milestones with honesty and grace.

The planning phase is the foundation upon which all successful visual stories are built. Long before our crew arrives on set, we conduct thorough styling, conceptual coordination, and venue walkthroughs. During this stage, we analyze color stories, architectural angles, and light directions to formulate a definitive shoot plan. We believe that proper wardrobe coordination is essential for creating high-end imagery; we recommend neutral palettes, jewel tones, and fine fabrics that complement rather than clash with the environment. By aligning styling variables early, we allow the session day to flow with relaxed ease, giving the subjects the space to act naturally and enjoy the experience. This collaborative process ensures that there are no surprises, only beautiful, unforced moments that capture your true chemistry.

During an active shoot session, our crew operates with structured discretion. Rather than directing subjects into rigid, uncomfortable poses, we use natural prompts that elicit genuine smiles, quiet glances, and authentic laughter. This approach is particularly effective for <strong>Kids Photography</strong>, where emotional resonance is the ultimate goal. We observe local details, clothing textures, and light reflections, capturing the complete atmosphere of the event. Our team remains attentive and prepared, anticipating key moments to ensure they are recorded with perfect timing. By maintaining a calm, supportive presence, we enable our subjects to build rapport with the camera, yielding relaxed, editorial imagery that speaks volumes.

Post-production is where the raw files are crafted into their final, signature look. Our dedicated editing team reviews the complete set, culling duplicates to compile a cohesive, narrative sequence. We apply custom-built color profiles that enhance warm amber tones and rich dark gradients while maintaining perfect color balance. Every selected image undergoes careful highlight adjustments to ensure that the delicate details of wedding gowns, family heirlooms, or child smiles are visible. The final collection is uploaded to a secure, password-protected private gallery portal, allowing you to download high-resolution files and share them with loved ones easily. We also offer custom-designed fine-art albums, printed on archival cotton papers and hand-bound in leather, ensuring your milestones survive as physical legacies.

Investing in professional photography is ultimately an investment in your family's visual legacy. As years pass, digital links may be updated, but a physical fine-art album remains a permanent centerpiece of your home. It becomes the tangible record that future generations will explore to connect with your story, trace their roots, and feel the love and joy of your milestones. Our dual-branch structure across Delhi NCR and Amritsar allows us to deliver this premium standard of service across Northern India with consistent operational excellence. We limit our seasonal bookings strictly to guarantee that every client receives our complete focus and creative energy, resulting in a bespoke product that represents the peak of modern luxury visual art.","Play-based, non-directive photography approach for kids
Indoor styled studio setup or dynamic outdoor play session
High-resolution edited digital portraits via web portal
Patience-focused pacing accommodating active children
Stunning black and white editorial portrait sets
Custom digital keepsakes showcasing child's interests","Rapport Building & Play Integration
Natural Non-Directive Portrait Session
Culling for Genuine Candid Expressions
Editorial Contrast & Color Balance
Keepsake Digital Delivery",Luxury Kids Photography in Amritsar | Fine-Art Photographer,Document your kids photography in Amritsar. {brand_name} offers premium editorial photography capturing authentic moments across Punjab.,"For families and couples seeking a premium <strong>Kids Photography in Amritsar</strong>, the historical landscape of Punjab offers an unparalleled backdrop. Amritsar is not merely a location; it is a profound visual canvas rich with cultural weight, textured brick architecture, and golden solar gradients. When documenting milestones here, our Amritsar branch crew utilizes the unique geometry of heritage locations, including the fortress walls of Fort Gobindgarh, the rustic arches of old-city havelis, and the serene manicured grounds of Ram Bagh. The warm, terracotta brickwork and historic wooden doors of Punjab provide a natural color contrast when paired with modern, elegant wardrobe choices. By planning shoots around the sun's trajectory in these open environments, we leverage soft light to sculpt faces naturally, maintaining complete identity accuracy without the need for artificial filters.

Executing high-end photography in Amritsar requires a deep understanding of local light behavior and peak seasonal timing. The golden hour in Amritsar is famously soft, delivering a warm amber glow that enhances skin tones and highlights clothing details beautifully. Our local team conducts detailed scouting of locations like Ranjit Avenue, heritage haveli estates, and luxury hotels such as Hyatt Regency Amritsar and Taj Swarna. This allows us to map lighting patterns and shadows in advance, ensuring our Nikon Z6 III and Sony FX3 systems are calibrated perfectly for the local environment. We schedule sessions during the early morning or late afternoon hours when the sun is low, avoiding the harsh overhead shadows of midday and providing our clients with a relaxed, comfortable experience.

Our Amritsar studio is fully equipped to deliver the highest international standards of luxury photography. For maternity, newborn, and baby photoshoot sessions, we maintain a strictly sanitized, temperature-controlled environment that follows medical-grade hygiene protocols. All props, organic wraps, and clothing sets are thoroughly sanitized between sessions to ensure the complete safety of your little ones. Our local Amritsar team is dedicated to preserving the authentic spirit of Punjab, documenting family legacies, joyful milestones, and wedding celebrations with unretouched honesty. We invite you to visit our Ranjit Avenue studio to explore our physical fine-art albums and discuss how we can document your legacy story beautifully.",<p>Ready to capture your kids photography in the heritage city of Amritsar? Connect with our Ranjit Avenue studio today via WhatsApp or our booking form to check date availability and review packages.</p>,"[{""question"": ""What is your turnaround time for final kids photography photos?"", ""answer"": ""We deliver a highlight gallery within 7 days of the shoot. The complete, fully edited digital collection is delivered within 6 to 8 weeks, ensuring high-end retouching standards."", ""order"": 1}, {""question"": ""What is your policy on RAW / unedited kids photography files?"", ""answer"": ""To maintain our brand standards and editorial quality, we do not release raw or unedited files. Every photograph in your gallery is carefully culled, color-balanced, and polished."", ""order"": 2}, {""question"": ""Do you travel for kids photography sessions outside Delhi or Amritsar?"", ""answer"": ""Yes, our team frequently travels across India and internationally for assignments. Travel and accommodation fees are quoted transparently during booking."", ""order"": 3}, {""question"": ""How do you ensure data security during the kids photography photoshoot?"", ""answer"": ""Our primary cameras record to dual card slots in real-time, providing immediate data redundancy. All files are immediately copied to encrypted local drives at the end of the session."", ""order"": 4}, {""question"": ""What wardrobe styles do you recommend for kids photography?"", ""answer"": ""We recommend solid, cohesive tones (jewel colors, neutral shades, or soft pastels) and styling that avoids busy patterns. A wardrobe guide is shared prior to the shoot."", ""order"": 5}, {""question"": ""Can we customize our kids photography packages?"", ""answer"": ""Absolutely. We offer tailored collections that adapt to your schedule, coverage needs, and specific print album requirements. Let us know your vision during your consultation."", ""order"": 6}, {""question"": ""What is your 100% Identity Promise?"", ""answer"": ""We pledge never to alter your facial features, whiten skin artificially, or apply synthetic face-swapping filters. We capture you naturally and authentically, at your absolute best."", ""order"": 7}, {""question"": ""How far in advance should we book?"", ""answer"": ""We recommend booking 3 to 6 months in advance for standard portraits, and 6 to 12 months in advance for peak wedding season commissions."", ""order"": 8}, {""question"": ""Do you offer custom print albums?"", ""answer"": ""Yes, we source hand-crafted, fine-art albums printed on archival paper. We custom-design the layout for each couple or family to deliver a true heirloom product."", ""order"": 9}, {""question"": ""Is makeup and hair styling included?"", ""answer"": ""Depending on the package, makeup and hair services can be bundled or coordinated with our partner stylists. We assist in styling recommendations for all sessions."", ""order"": 10}]",Premium Kids Photography Delhi NCR | Editorial Photography,Looking for a luxury photographer for kids photography in Delhi NCR? Contact {brand_name} for high-end portraits and cinematic films.,"The sprawling metropolitan landscape of Delhi NCR offers a dynamic mix of architectural eras, grand estates, and lush manicured parks, making it a spectacular canvas for <strong>Kids Photography in Delhi NCR</strong>. From the clean, symmetrical geometry of Lutyens' Delhi and the artistic murals of the Lodhi Art District to the grand, high-ceiling ballrooms of Chanakyapuri and the sprawling farmhouses of Chattarpur, the visual choices are virtually limitless. Our Delhi NCR branch crew specializes in composing editorial portraits that utilize these diverse backdrops to tell sophisticated, modern stories. We select locations that provide ample physical depth, allowing us to use telephoto lenses to create a soft, creamy background blur that isolates our subjects beautifully against the city's lines.

Operating a luxury photography house in the capital region requires exceptional logistical planning and technical adaptiveness. The ambient light of Delhi NCR is highly variable, affected by seasonal changes and metropolitan textures. To capture pristine imagery, our Delhi crew leverages a combination of natural golden-hour sunlight and advanced, color-balanced off-camera lighting arrays. When shooting inside elite venues like Taj Palace Delhi, The Leela Ambience Gurugram, or ITC Maurya, we sync our flash units to match the ambient warm light of the ballrooms, ensuring skin tones remain natural and free of distracting color casts. This meticulous approach to lighting allows us to deliver high-resolution files that maintain incredible detail across highlights and deep shadows alike.

Our Delhi NCR branch serves Gurugram, Noida, South Delhi, Aerocity, and surrounding areas, delivering a seamless, premium client experience from the initial consultation to the final gallery delivery. Whether you are hosting a grand wedding gala at a luxury farmhouse or scheduling an intimate milestone photoshoot in our professional studio, we apply the same strict standards of safety, privacy, and artistic integrity. We offer a strict 100% Identity Promise, guaranteeing your photographs will feature zero artificial face-swapping or skin whitening, preserving your true essence. Contact our Delhi NCR studio today to discuss custom shoot concepts, verify date availability, and begin planning your visual legacy.","<p>Plan your editorial kids photography session in Delhi NCR. Get in touch with our metropolitan branch to discuss locations, custom styling guidelines, and package options.</p>","[{""question"": ""What is your turnaround time for final kids photography photos?"", ""answer"": ""We deliver a highlight gallery within 7 days of the shoot. The complete, fully edited digital collection is delivered within 6 to 8 weeks, ensuring high-end retouching standards."", ""order"": 1}, {""question"": ""What is your policy on RAW / unedited kids photography files?"", ""answer"": ""To maintain our brand standards and editorial quality, we do not release raw or unedited files. Every photograph in your gallery is carefully culled, color-balanced, and polished."", ""order"": 2}, {""question"": ""Do you travel for kids photography sessions outside Delhi or Amritsar?"", ""answer"": ""Yes, our team frequently travels across India and internationally for assignments. Travel and accommodation fees are quoted transparently during booking."", ""order"": 3}, {""question"": ""How do you ensure data security during the kids photography photoshoot?"", ""answer"": ""Our primary cameras record to dual card slots in real-time, providing immediate data redundancy. All files are immediately copied to encrypted local drives at the end of the session."", ""order"": 4}, {""question"": ""What wardrobe styles do you recommend for kids photography?"", ""answer"": ""We recommend solid, cohesive tones (jewel colors, neutral shades, or soft pastels) and styling that avoids busy patterns. A wardrobe guide is shared prior to the shoot."", ""order"": 5}, {""question"": ""Can we customize our kids photography packages?"", ""answer"": ""Absolutely. We offer tailored collections that adapt to your schedule, coverage needs, and specific print album requirements. Let us know your vision during your consultation."", ""order"": 6}, {""question"": ""What is your 100% Identity Promise?"", ""answer"": ""We pledge never to alter your facial features, whiten skin artificially, or apply synthetic face-swapping filters. We capture you naturally and authentically, at your absolute best."", ""order"": 7}, {""question"": ""How far in advance should we book?"", ""answer"": ""We recommend booking 3 to 6 months in advance for standard portraits, and 6 to 12 months in advance for peak wedding season commissions."", ""order"": 8}, {""question"": ""Do you offer custom print albums?"", ""answer"": ""Yes, we source hand-crafted, fine-art albums printed on archival paper. We custom-design the layout for each couple or family to deliver a true heirloom product."", ""order"": 9}, {""question"": ""Is makeup and hair styling included?"", ""answer"": ""Depending on the package, makeup and hair services can be bundled or coordinated with our partner stylists. We assist in styling recommendations for all sessions."", ""order"": 10}]","[{""name"": ""Editorial Collection"", ""price"": ""₹45,000"", ""description"": ""A sophisticated kids photography package designed for premium digital delivery and basic print needs."", ""features"": [""Up to 4 hours of dedicated on-location session coverage"", ""Fully retouched high-resolution digital files"", ""Private online gallery with password-protected sharing access"", ""Pre-shoot wardrobe and conceptual concept briefing"", ""Dual-card real-time backup security""]}, {""name"": ""Royal Heirloom Collection"", ""price"": ""₹72,000"", ""description"": ""Our signature full-service kids photography collection providing absolute coverage, comprehensive styling, and custom physical legacy albums."", ""features"": [""Full day session coverage (up to 8 hours)"", ""Complete high-resolution digital archive with print release"", ""Custom designed, hand-bound leather fine-art album (40 pages)"", ""16x24 premium canvas wall print ready for display"", ""Complimentary behind-the-scenes cinematic teaser video reel"", ""Dedicated primary and secondary camera operators""]}]"
Family Photography,family-photography,🏡,🏡,,both,False,110,family,"₹60,000","family photography, family portrait, legacy family photoshoot",Legacy Family Photography | Timeless Generations,Create a visual legacy with a premium family photoshoot. Beautiful multi-generational portraits to treasure for lifetimes.,Heartfelt multi-generational family portrait sessions capturing your shared laughter and legacy in our studio or your estate gardens.,"In the field of high-end visual documentation, the art of <strong>Family Photography</strong> represents a profound alignment of technical precision, creative vision, and emotional sensitivity. When undertaking a professional assignment, the modern digital creator must recognize that client expectations have shifted from basic documentative photography to an immersive, editorial narrative. A truly premium visual story does not merely record a timeline of events; it elevates everyday interactions, fleeting emotions, and subtle architectural spaces into an exquisite heirloom collection. At our luxury studios, we treat every single frame as a distinct canvas, utilizing advanced optical designs and strict capture guidelines to achieve this standard of visual excellence. We have designed a cohesive approach that balances soft, ambient lighting with crisp focus fields, ensuring that your final galleries feel noticeability premium, alive, and emotionally resonant.

To achieve an editorial look that rivals international publications, the technical production phase must be managed with absolute diligence. Our professional gear lists feature dual-slot mirrorless systems, including the Nikon Z6 III and Sony FX3 cinema platforms, which capture immense dynamic range. We utilize prime lens systems with wide maximum apertures, enabling our crew to control focus fields tightly and produce smooth background separation. This technical depth is particularly vital during key moments of <strong>Family Photography</strong>, as it allows us to isolate subjects cleanly from busy visual backdrops. Beyond equipment, light coordination is the true benchmark of luxury photography. Whether we are utilizing the soft golden sun of early evening or employing our custom-balanced off-camera flash units, we balance highlight gradients carefully to preserve natural skin textures and color fidelity.

Our commitment to authenticity is represented by our 100% Identity Promise. In an era where artificial intelligence and synthetic filters are frequently used to modify human appearances, we have chosen a different path. We guarantee that your final portraits will be entirely free of digital face-swapping, artificial skin whitening, or computer-generated facial alterations. Our post-production pipeline focuses exclusively on clean color correction, highlight reclamation, and micro-contrast enhancement. This ensures that the individuals in our photographs look like themselves on their absolute best day — preserving their genuine identity, expressions, and natural beauty. Our clients trust us because they know their legacy albums will reflect their true visual identity, capturing their milestones with honesty and grace.

The planning phase is the foundation upon which all successful visual stories are built. Long before our crew arrives on set, we conduct thorough styling, conceptual coordination, and venue walkthroughs. During this stage, we analyze color stories, architectural angles, and light directions to formulate a definitive shoot plan. We believe that proper wardrobe coordination is essential for creating high-end imagery; we recommend neutral palettes, jewel tones, and fine fabrics that complement rather than clash with the environment. By aligning styling variables early, we allow the session day to flow with relaxed ease, giving the subjects the space to act naturally and enjoy the experience. This collaborative process ensures that there are no surprises, only beautiful, unforced moments that capture your true chemistry.

During an active shoot session, our crew operates with structured discretion. Rather than directing subjects into rigid, uncomfortable poses, we use natural prompts that elicit genuine smiles, quiet glances, and authentic laughter. This approach is particularly effective for <strong>Family Photography</strong>, where emotional resonance is the ultimate goal. We observe local details, clothing textures, and light reflections, capturing the complete atmosphere of the event. Our team remains attentive and prepared, anticipating key moments to ensure they are recorded with perfect timing. By maintaining a calm, supportive presence, we enable our subjects to build rapport with the camera, yielding relaxed, editorial imagery that speaks volumes.

Post-production is where the raw files are crafted into their final, signature look. Our dedicated editing team reviews the complete set, culling duplicates to compile a cohesive, narrative sequence. We apply custom-built color profiles that enhance warm amber tones and rich dark gradients while maintaining perfect color balance. Every selected image undergoes careful highlight adjustments to ensure that the delicate details of wedding gowns, family heirlooms, or child smiles are visible. The final collection is uploaded to a secure, password-protected private gallery portal, allowing you to download high-resolution files and share them with loved ones easily. We also offer custom-designed fine-art albums, printed on archival cotton papers and hand-bound in leather, ensuring your milestones survive as physical legacies.

Investing in professional photography is ultimately an investment in your family's visual legacy. As years pass, digital links may be updated, but a physical fine-art album remains a permanent centerpiece of your home. It becomes the tangible record that future generations will explore to connect with your story, trace their roots, and feel the love and joy of your milestones. Our dual-branch structure across Delhi NCR and Amritsar allows us to deliver this premium standard of service across Northern India with consistent operational excellence. We limit our seasonal bookings strictly to guarantee that every client receives our complete focus and creative energy, resulting in a bespoke product that represents the peak of modern luxury visual art.","Legacy groupings (grandparents, siblings, nuclear units)
Pre-shoot wardrobe guidelines for color harmony
On-location garden shoot or indoor editorial studio setup
High-resolution print-ready edited digital portraits
Strict compliance with our face-accuracy identity commitment
Large-format canvas print layout template included","Family Unit & Wardrobe Co-ordination
Structured Legacy Grouping Setup
Dynamic Interaction & Laughter Prompts
Timeless Legacy Retouching & Editing
Print-Ready Digital Gallery Delivery",Luxury Family Photography in Amritsar | Fine-Art Photographer,Document your family photography in Amritsar. {brand_name} offers premium editorial photography capturing authentic moments across Punjab.,"For families and couples seeking a premium <strong>Family Photography in Amritsar</strong>, the historical landscape of Punjab offers an unparalleled backdrop. Amritsar is not merely a location; it is a profound visual canvas rich with cultural weight, textured brick architecture, and golden solar gradients. When documenting milestones here, our Amritsar branch crew utilizes the unique geometry of heritage locations, including the fortress walls of Fort Gobindgarh, the rustic arches of old-city havelis, and the serene manicured grounds of Ram Bagh. The warm, terracotta brickwork and historic wooden doors of Punjab provide a natural color contrast when paired with modern, elegant wardrobe choices. By planning shoots around the sun's trajectory in these open environments, we leverage soft light to sculpt faces naturally, maintaining complete identity accuracy without the need for artificial filters.

Executing high-end photography in Amritsar requires a deep understanding of local light behavior and peak seasonal timing. The golden hour in Amritsar is famously soft, delivering a warm amber glow that enhances skin tones and highlights clothing details beautifully. Our local team conducts detailed scouting of locations like Ranjit Avenue, heritage haveli estates, and luxury hotels such as Hyatt Regency Amritsar and Taj Swarna. This allows us to map lighting patterns and shadows in advance, ensuring our Nikon Z6 III and Sony FX3 systems are calibrated perfectly for the local environment. We schedule sessions during the early morning or late afternoon hours when the sun is low, avoiding the harsh overhead shadows of midday and providing our clients with a relaxed, comfortable experience.

Our Amritsar studio is fully equipped to deliver the highest international standards of luxury photography. For maternity, newborn, and baby photoshoot sessions, we maintain a strictly sanitized, temperature-controlled environment that follows medical-grade hygiene protocols. All props, organic wraps, and clothing sets are thoroughly sanitized between sessions to ensure the complete safety of your little ones. Our local Amritsar team is dedicated to preserving the authentic spirit of Punjab, documenting family legacies, joyful milestones, and wedding celebrations with unretouched honesty. We invite you to visit our Ranjit Avenue studio to explore our physical fine-art albums and discuss how we can document your legacy story beautifully.",<p>Ready to capture your family photography in the heritage city of Amritsar? Connect with our Ranjit Avenue studio today via WhatsApp or our booking form to check date availability and review packages.</p>,"[{""question"": ""What is your turnaround time for final family photography photos?"", ""answer"": ""We deliver a highlight gallery within 7 days of the shoot. The complete, fully edited digital collection is delivered within 6 to 8 weeks, ensuring high-end retouching standards."", ""order"": 1}, {""question"": ""What is your policy on RAW / unedited family photography files?"", ""answer"": ""To maintain our brand standards and editorial quality, we do not release raw or unedited files. Every photograph in your gallery is carefully culled, color-balanced, and polished."", ""order"": 2}, {""question"": ""Do you travel for family photography sessions outside Delhi or Amritsar?"", ""answer"": ""Yes, our team frequently travels across India and internationally for assignments. Travel and accommodation fees are quoted transparently during booking."", ""order"": 3}, {""question"": ""How do you ensure data security during the family photography photoshoot?"", ""answer"": ""Our primary cameras record to dual card slots in real-time, providing immediate data redundancy. All files are immediately copied to encrypted local drives at the end of the session."", ""order"": 4}, {""question"": ""What wardrobe styles do you recommend for family photography?"", ""answer"": ""We recommend solid, cohesive tones (jewel colors, neutral shades, or soft pastels) and styling that avoids busy patterns. A wardrobe guide is shared prior to the shoot."", ""order"": 5}, {""question"": ""Can we customize our family photography packages?"", ""answer"": ""Absolutely. We offer tailored collections that adapt to your schedule, coverage needs, and specific print album requirements. Let us know your vision during your consultation."", ""order"": 6}, {""question"": ""What is your 100% Identity Promise?"", ""answer"": ""We pledge never to alter your facial features, whiten skin artificially, or apply synthetic face-swapping filters. We capture you naturally and authentically, at your absolute best."", ""order"": 7}, {""question"": ""How far in advance should we book?"", ""answer"": ""We recommend booking 3 to 6 months in advance for standard portraits, and 6 to 12 months in advance for peak wedding season commissions."", ""order"": 8}, {""question"": ""Do you offer custom print albums?"", ""answer"": ""Yes, we source hand-crafted, fine-art albums printed on archival paper. We custom-design the layout for each couple or family to deliver a true heirloom product."", ""order"": 9}, {""question"": ""Is makeup and hair styling included?"", ""answer"": ""Depending on the package, makeup and hair services can be bundled or coordinated with our partner stylists. We assist in styling recommendations for all sessions."", ""order"": 10}]",Premium Family Photography Delhi NCR | Editorial Photography,Looking for a luxury photographer for family photography in Delhi NCR? Contact {brand_name} for high-end portraits and cinematic films.,"The sprawling metropolitan landscape of Delhi NCR offers a dynamic mix of architectural eras, grand estates, and lush manicured parks, making it a spectacular canvas for <strong>Family Photography in Delhi NCR</strong>. From the clean, symmetrical geometry of Lutyens' Delhi and the artistic murals of the Lodhi Art District to the grand, high-ceiling ballrooms of Chanakyapuri and the sprawling farmhouses of Chattarpur, the visual choices are virtually limitless. Our Delhi NCR branch crew specializes in composing editorial portraits that utilize these diverse backdrops to tell sophisticated, modern stories. We select locations that provide ample physical depth, allowing us to use telephoto lenses to create a soft, creamy background blur that isolates our subjects beautifully against the city's lines.

Operating a luxury photography house in the capital region requires exceptional logistical planning and technical adaptiveness. The ambient light of Delhi NCR is highly variable, affected by seasonal changes and metropolitan textures. To capture pristine imagery, our Delhi crew leverages a combination of natural golden-hour sunlight and advanced, color-balanced off-camera lighting arrays. When shooting inside elite venues like Taj Palace Delhi, The Leela Ambience Gurugram, or ITC Maurya, we sync our flash units to match the ambient warm light of the ballrooms, ensuring skin tones remain natural and free of distracting color casts. This meticulous approach to lighting allows us to deliver high-resolution files that maintain incredible detail across highlights and deep shadows alike.

Our Delhi NCR branch serves Gurugram, Noida, South Delhi, Aerocity, and surrounding areas, delivering a seamless, premium client experience from the initial consultation to the final gallery delivery. Whether you are hosting a grand wedding gala at a luxury farmhouse or scheduling an intimate milestone photoshoot in our professional studio, we apply the same strict standards of safety, privacy, and artistic integrity. We offer a strict 100% Identity Promise, guaranteeing your photographs will feature zero artificial face-swapping or skin whitening, preserving your true essence. Contact our Delhi NCR studio today to discuss custom shoot concepts, verify date availability, and begin planning your visual legacy.","<p>Plan your editorial family photography session in Delhi NCR. Get in touch with our metropolitan branch to discuss locations, custom styling guidelines, and package options.</p>","[{""question"": ""What is your turnaround time for final family photography photos?"", ""answer"": ""We deliver a highlight gallery within 7 days of the shoot. The complete, fully edited digital collection is delivered within 6 to 8 weeks, ensuring high-end retouching standards."", ""order"": 1}, {""question"": ""What is your policy on RAW / unedited family photography files?"", ""answer"": ""To maintain our brand standards and editorial quality, we do not release raw or unedited files. Every photograph in your gallery is carefully culled, color-balanced, and polished."", ""order"": 2}, {""question"": ""Do you travel for family photography sessions outside Delhi or Amritsar?"", ""answer"": ""Yes, our team frequently travels across India and internationally for assignments. Travel and accommodation fees are quoted transparently during booking."", ""order"": 3}, {""question"": ""How do you ensure data security during the family photography photoshoot?"", ""answer"": ""Our primary cameras record to dual card slots in real-time, providing immediate data redundancy. All files are immediately copied to encrypted local drives at the end of the session."", ""order"": 4}, {""question"": ""What wardrobe styles do you recommend for family photography?"", ""answer"": ""We recommend solid, cohesive tones (jewel colors, neutral shades, or soft pastels) and styling that avoids busy patterns. A wardrobe guide is shared prior to the shoot."", ""order"": 5}, {""question"": ""Can we customize our family photography packages?"", ""answer"": ""Absolutely. We offer tailored collections that adapt to your schedule, coverage needs, and specific print album requirements. Let us know your vision during your consultation."", ""order"": 6}, {""question"": ""What is your 100% Identity Promise?"", ""answer"": ""We pledge never to alter your facial features, whiten skin artificially, or apply synthetic face-swapping filters. We capture you naturally and authentically, at your absolute best."", ""order"": 7}, {""question"": ""How far in advance should we book?"", ""answer"": ""We recommend booking 3 to 6 months in advance for standard portraits, and 6 to 12 months in advance for peak wedding season commissions."", ""order"": 8}, {""question"": ""Do you offer custom print albums?"", ""answer"": ""Yes, we source hand-crafted, fine-art albums printed on archival paper. We custom-design the layout for each couple or family to deliver a true heirloom product."", ""order"": 9}, {""question"": ""Is makeup and hair styling included?"", ""answer"": ""Depending on the package, makeup and hair services can be bundled or coordinated with our partner stylists. We assist in styling recommendations for all sessions."", ""order"": 10}]","[{""name"": ""Editorial Collection"", ""price"": ""₹60,000"", ""description"": ""A sophisticated family photography package designed for premium digital delivery and basic print needs."", ""features"": [""Up to 4 hours of dedicated on-location session coverage"", ""Fully retouched high-resolution digital files"", ""Private online gallery with password-protected sharing access"", ""Pre-shoot wardrobe and conceptual concept briefing"", ""Dual-card real-time backup security""]}, {""name"": ""Royal Heirloom Collection"", ""price"": ""₹96,000"", ""description"": ""Our signature full-service family photography collection providing absolute coverage, comprehensive styling, and custom physical legacy albums."", ""features"": [""Full day session coverage (up to 8 hours)"", ""Complete high-resolution digital archive with print release"", ""Custom designed, hand-bound leather fine-art album (40 pages)"", ""16x24 premium canvas wall print ready for display"", ""Complimentary behind-the-scenes cinematic teaser video reel"", ""Dedicated primary and secondary camera operators""]}]"
Anniversary Photoshoot,anniversary-photoshoot,🥂,🥂,,both,False,120,family,"₹65,000","anniversary photoshoot, couple photography, milestone anniversary",Elegant Anniversary Photoshoot | Celebrating Milestones,Celebrate your love milestone. Timeless anniversary photoshoots reflecting on your journey with editorial visual grace.,"A sophisticated couple’s session celebrating your years together with editorial portraits, golden-hour light, and elegant styling.","In the field of high-end visual documentation, the art of <strong>Anniversary Photoshoot</strong> represents a profound alignment of technical precision, creative vision, and emotional sensitivity. When undertaking a professional assignment, the modern digital creator must recognize that client expectations have shifted from basic documentative photography to an immersive, editorial narrative. A truly premium visual story does not merely record a timeline of events; it elevates everyday interactions, fleeting emotions, and subtle architectural spaces into an exquisite heirloom collection. At our luxury studios, we treat every single frame as a distinct canvas, utilizing advanced optical designs and strict capture guidelines to achieve this standard of visual excellence. We have designed a cohesive approach that balances soft, ambient lighting with crisp focus fields, ensuring that your final galleries feel noticeability premium, alive, and emotionally resonant.

To achieve an editorial look that rivals international publications, the technical production phase must be managed with absolute diligence. Our professional gear lists feature dual-slot mirrorless systems, including the Nikon Z6 III and Sony FX3 cinema platforms, which capture immense dynamic range. We utilize prime lens systems with wide maximum apertures, enabling our crew to control focus fields tightly and produce smooth background separation. This technical depth is particularly vital during key moments of <strong>Anniversary Photoshoot</strong>, as it allows us to isolate subjects cleanly from busy visual backdrops. Beyond equipment, light coordination is the true benchmark of luxury photography. Whether we are utilizing the soft golden sun of early evening or employing our custom-balanced off-camera flash units, we balance highlight gradients carefully to preserve natural skin textures and color fidelity.

Our commitment to authenticity is represented by our 100% Identity Promise. In an era where artificial intelligence and synthetic filters are frequently used to modify human appearances, we have chosen a different path. We guarantee that your final portraits will be entirely free of digital face-swapping, artificial skin whitening, or computer-generated facial alterations. Our post-production pipeline focuses exclusively on clean color correction, highlight reclamation, and micro-contrast enhancement. This ensures that the individuals in our photographs look like themselves on their absolute best day — preserving their genuine identity, expressions, and natural beauty. Our clients trust us because they know their legacy albums will reflect their true visual identity, capturing their milestones with honesty and grace.

The planning phase is the foundation upon which all successful visual stories are built. Long before our crew arrives on set, we conduct thorough styling, conceptual coordination, and venue walkthroughs. During this stage, we analyze color stories, architectural angles, and light directions to formulate a definitive shoot plan. We believe that proper wardrobe coordination is essential for creating high-end imagery; we recommend neutral palettes, jewel tones, and fine fabrics that complement rather than clash with the environment. By aligning styling variables early, we allow the session day to flow with relaxed ease, giving the subjects the space to act naturally and enjoy the experience. This collaborative process ensures that there are no surprises, only beautiful, unforced moments that capture your true chemistry.

During an active shoot session, our crew operates with structured discretion. Rather than directing subjects into rigid, uncomfortable poses, we use natural prompts that elicit genuine smiles, quiet glances, and authentic laughter. This approach is particularly effective for <strong>Anniversary Photoshoot</strong>, where emotional resonance is the ultimate goal. We observe local details, clothing textures, and light reflections, capturing the complete atmosphere of the event. Our team remains attentive and prepared, anticipating key moments to ensure they are recorded with perfect timing. By maintaining a calm, supportive presence, we enable our subjects to build rapport with the camera, yielding relaxed, editorial imagery that speaks volumes.

Post-production is where the raw files are crafted into their final, signature look. Our dedicated editing team reviews the complete set, culling duplicates to compile a cohesive, narrative sequence. We apply custom-built color profiles that enhance warm amber tones and rich dark gradients while maintaining perfect color balance. Every selected image undergoes careful highlight adjustments to ensure that the delicate details of wedding gowns, family heirlooms, or child smiles are visible. The final collection is uploaded to a secure, password-protected private gallery portal, allowing you to download high-resolution files and share them with loved ones easily. We also offer custom-designed fine-art albums, printed on archival cotton papers and hand-bound in leather, ensuring your milestones survive as physical legacies.

Investing in professional photography is ultimately an investment in your family's visual legacy. As years pass, digital links may be updated, but a physical fine-art album remains a permanent centerpiece of your home. It becomes the tangible record that future generations will explore to connect with your story, trace their roots, and feel the love and joy of your milestones. Our dual-branch structure across Delhi NCR and Amritsar allows us to deliver this premium standard of service across Northern India with consistent operational excellence. We limit our seasonal bookings strictly to guarantee that every client receives our complete focus and creative energy, resulting in a bespoke product that represents the peak of modern luxury visual art.","Styled editorial couple session with customized concepts
Access to location scouting guides and outfit suggestions
High-resolution edited digital portraits via online gallery
Beautiful editorial layout print design template
Fine-art canvas print layout (16x24 size equivalent)
Short cinematic highlight slide reel","Milestone Reflection Consultation
Bespoke Concept & Wardrobe Styling
Editorial Couple Session Execution
Fine-Art Highlight Editing
Digital & Canvas Legacy Delivery",Luxury Anniversary Photoshoot in Amritsar | Fine-Art Photographer,Document your anniversary photoshoot in Amritsar. {brand_name} offers premium editorial photography capturing authentic moments across Punjab.,"For families and couples seeking a premium <strong>Anniversary Photoshoot in Amritsar</strong>, the historical landscape of Punjab offers an unparalleled backdrop. Amritsar is not merely a location; it is a profound visual canvas rich with cultural weight, textured brick architecture, and golden solar gradients. When documenting milestones here, our Amritsar branch crew utilizes the unique geometry of heritage locations, including the fortress walls of Fort Gobindgarh, the rustic arches of old-city havelis, and the serene manicured grounds of Ram Bagh. The warm, terracotta brickwork and historic wooden doors of Punjab provide a natural color contrast when paired with modern, elegant wardrobe choices. By planning shoots around the sun's trajectory in these open environments, we leverage soft light to sculpt faces naturally, maintaining complete identity accuracy without the need for artificial filters.

Executing high-end photography in Amritsar requires a deep understanding of local light behavior and peak seasonal timing. The golden hour in Amritsar is famously soft, delivering a warm amber glow that enhances skin tones and highlights clothing details beautifully. Our local team conducts detailed scouting of locations like Ranjit Avenue, heritage haveli estates, and luxury hotels such as Hyatt Regency Amritsar and Taj Swarna. This allows us to map lighting patterns and shadows in advance, ensuring our Nikon Z6 III and Sony FX3 systems are calibrated perfectly for the local environment. We schedule sessions during the early morning or late afternoon hours when the sun is low, avoiding the harsh overhead shadows of midday and providing our clients with a relaxed, comfortable experience.

Our Amritsar studio is fully equipped to deliver the highest international standards of luxury photography. For maternity, newborn, and baby photoshoot sessions, we maintain a strictly sanitized, temperature-controlled environment that follows medical-grade hygiene protocols. All props, organic wraps, and clothing sets are thoroughly sanitized between sessions to ensure the complete safety of your little ones. Our local Amritsar team is dedicated to preserving the authentic spirit of Punjab, documenting family legacies, joyful milestones, and wedding celebrations with unretouched honesty. We invite you to visit our Ranjit Avenue studio to explore our physical fine-art albums and discuss how we can document your legacy story beautifully.",<p>Ready to capture your anniversary photoshoot in the heritage city of Amritsar? Connect with our Ranjit Avenue studio today via WhatsApp or our booking form to check date availability and review packages.</p>,"[{""question"": ""What is your turnaround time for final anniversary photoshoot photos?"", ""answer"": ""We deliver a highlight gallery within 7 days of the shoot. The complete, fully edited digital collection is delivered within 6 to 8 weeks, ensuring high-end retouching standards."", ""order"": 1}, {""question"": ""What is your policy on RAW / unedited anniversary photoshoot files?"", ""answer"": ""To maintain our brand standards and editorial quality, we do not release raw or unedited files. Every photograph in your gallery is carefully culled, color-balanced, and polished."", ""order"": 2}, {""question"": ""Do you travel for anniversary photoshoot sessions outside Delhi or Amritsar?"", ""answer"": ""Yes, our team frequently travels across India and internationally for assignments. Travel and accommodation fees are quoted transparently during booking."", ""order"": 3}, {""question"": ""How do you ensure data security during the anniversary photoshoot photoshoot?"", ""answer"": ""Our primary cameras record to dual card slots in real-time, providing immediate data redundancy. All files are immediately copied to encrypted local drives at the end of the session."", ""order"": 4}, {""question"": ""What wardrobe styles do you recommend for anniversary photoshoot?"", ""answer"": ""We recommend solid, cohesive tones (jewel colors, neutral shades, or soft pastels) and styling that avoids busy patterns. A wardrobe guide is shared prior to the shoot."", ""order"": 5}, {""question"": ""Can we customize our anniversary photoshoot packages?"", ""answer"": ""Absolutely. We offer tailored collections that adapt to your schedule, coverage needs, and specific print album requirements. Let us know your vision during your consultation."", ""order"": 6}, {""question"": ""What is your 100% Identity Promise?"", ""answer"": ""We pledge never to alter your facial features, whiten skin artificially, or apply synthetic face-swapping filters. We capture you naturally and authentically, at your absolute best."", ""order"": 7}, {""question"": ""How far in advance should we book?"", ""answer"": ""We recommend booking 3 to 6 months in advance for standard portraits, and 6 to 12 months in advance for peak wedding season commissions."", ""order"": 8}, {""question"": ""Do you offer custom print albums?"", ""answer"": ""Yes, we source hand-crafted, fine-art albums printed on archival paper. We custom-design the layout for each couple or family to deliver a true heirloom product."", ""order"": 9}, {""question"": ""Is makeup and hair styling included?"", ""answer"": ""Depending on the package, makeup and hair services can be bundled or coordinated with our partner stylists. We assist in styling recommendations for all sessions."", ""order"": 10}]",Premium Anniversary Photoshoot Delhi NCR | Editorial Photography,Looking for a luxury photographer for anniversary photoshoot in Delhi NCR? Contact {brand_name} for high-end portraits and cinematic films.,"The sprawling metropolitan landscape of Delhi NCR offers a dynamic mix of architectural eras, grand estates, and lush manicured parks, making it a spectacular canvas for <strong>Anniversary Photoshoot in Delhi NCR</strong>. From the clean, symmetrical geometry of Lutyens' Delhi and the artistic murals of the Lodhi Art District to the grand, high-ceiling ballrooms of Chanakyapuri and the sprawling farmhouses of Chattarpur, the visual choices are virtually limitless. Our Delhi NCR branch crew specializes in composing editorial portraits that utilize these diverse backdrops to tell sophisticated, modern stories. We select locations that provide ample physical depth, allowing us to use telephoto lenses to create a soft, creamy background blur that isolates our subjects beautifully against the city's lines.

Operating a luxury photography house in the capital region requires exceptional logistical planning and technical adaptiveness. The ambient light of Delhi NCR is highly variable, affected by seasonal changes and metropolitan textures. To capture pristine imagery, our Delhi crew leverages a combination of natural golden-hour sunlight and advanced, color-balanced off-camera lighting arrays. When shooting inside elite venues like Taj Palace Delhi, The Leela Ambience Gurugram, or ITC Maurya, we sync our flash units to match the ambient warm light of the ballrooms, ensuring skin tones remain natural and free of distracting color casts. This meticulous approach to lighting allows us to deliver high-resolution files that maintain incredible detail across highlights and deep shadows alike.

Our Delhi NCR branch serves Gurugram, Noida, South Delhi, Aerocity, and surrounding areas, delivering a seamless, premium client experience from the initial consultation to the final gallery delivery. Whether you are hosting a grand wedding gala at a luxury farmhouse or scheduling an intimate milestone photoshoot in our professional studio, we apply the same strict standards of safety, privacy, and artistic integrity. We offer a strict 100% Identity Promise, guaranteeing your photographs will feature zero artificial face-swapping or skin whitening, preserving your true essence. Contact our Delhi NCR studio today to discuss custom shoot concepts, verify date availability, and begin planning your visual legacy.","<p>Plan your editorial anniversary photoshoot session in Delhi NCR. Get in touch with our metropolitan branch to discuss locations, custom styling guidelines, and package options.</p>","[{""question"": ""What is your turnaround time for final anniversary photoshoot photos?"", ""answer"": ""We deliver a highlight gallery within 7 days of the shoot. The complete, fully edited digital collection is delivered within 6 to 8 weeks, ensuring high-end retouching standards."", ""order"": 1}, {""question"": ""What is your policy on RAW / unedited anniversary photoshoot files?"", ""answer"": ""To maintain our brand standards and editorial quality, we do not release raw or unedited files. Every photograph in your gallery is carefully culled, color-balanced, and polished."", ""order"": 2}, {""question"": ""Do you travel for anniversary photoshoot sessions outside Delhi or Amritsar?"", ""answer"": ""Yes, our team frequently travels across India and internationally for assignments. Travel and accommodation fees are quoted transparently during booking."", ""order"": 3}, {""question"": ""How do you ensure data security during the anniversary photoshoot photoshoot?"", ""answer"": ""Our primary cameras record to dual card slots in real-time, providing immediate data redundancy. All files are immediately copied to encrypted local drives at the end of the session."", ""order"": 4}, {""question"": ""What wardrobe styles do you recommend for anniversary photoshoot?"", ""answer"": ""We recommend solid, cohesive tones (jewel colors, neutral shades, or soft pastels) and styling that avoids busy patterns. A wardrobe guide is shared prior to the shoot."", ""order"": 5}, {""question"": ""Can we customize our anniversary photoshoot packages?"", ""answer"": ""Absolutely. We offer tailored collections that adapt to your schedule, coverage needs, and specific print album requirements. Let us know your vision during your consultation."", ""order"": 6}, {""question"": ""What is your 100% Identity Promise?"", ""answer"": ""We pledge never to alter your facial features, whiten skin artificially, or apply synthetic face-swapping filters. We capture you naturally and authentically, at your absolute best."", ""order"": 7}, {""question"": ""How far in advance should we book?"", ""answer"": ""We recommend booking 3 to 6 months in advance for standard portraits, and 6 to 12 months in advance for peak wedding season commissions."", ""order"": 8}, {""question"": ""Do you offer custom print albums?"", ""answer"": ""Yes, we source hand-crafted, fine-art albums printed on archival paper. We custom-design the layout for each couple or family to deliver a true heirloom product."", ""order"": 9}, {""question"": ""Is makeup and hair styling included?"", ""answer"": ""Depending on the package, makeup and hair services can be bundled or coordinated with our partner stylists. We assist in styling recommendations for all sessions."", ""order"": 10}]","[{""name"": ""Editorial Collection"", ""price"": ""₹65,000"", ""description"": ""A sophisticated anniversary photoshoot package designed for premium digital delivery and basic print needs."", ""features"": [""Up to 4 hours of dedicated on-location session coverage"", ""Fully retouched high-resolution digital files"", ""Private online gallery with password-protected sharing access"", ""Pre-shoot wardrobe and conceptual concept briefing"", ""Dual-card real-time backup security""]}, {""name"": ""Royal Heirloom Collection"", ""price"": ""₹104,000"", ""description"": ""Our signature full-service anniversary photoshoot collection providing absolute coverage, comprehensive styling, and custom physical legacy albums."", ""features"": [""Full day session coverage (up to 8 hours)"", ""Complete high-resolution digital archive with print release"", ""Custom designed, hand-bound leather fine-art album (40 pages)"", ""16x24 premium canvas wall print ready for display"", ""Complimentary behind-the-scenes cinematic teaser video reel"", ""Dedicated primary and secondary camera operators""]}]"
Couple Photoshoot,couple-photoshoot,👩‍❤️‍👨,👩‍❤️‍👨,,both,False,130,wedding,"₹55,000","couple photoshoot, couple photography, romance photographer",Romance & Chemistry: Premium Couple Photoshoot,"Document your relationship chemistry. Premium couple photoshoots capturing warm glances, deep bonds, and shared smiles.","Romantic, naturally lit couple sessions capturing your visual chemistry and quiet glances in beautiful outdoor or indoor settings.","In the field of high-end visual documentation, the art of <strong>Couple Photoshoot</strong> represents a profound alignment of technical precision, creative vision, and emotional sensitivity. When undertaking a professional assignment, the modern digital creator must recognize that client expectations have shifted from basic documentative photography to an immersive, editorial narrative. A truly premium visual story does not merely record a timeline of events; it elevates everyday interactions, fleeting emotions, and subtle architectural spaces into an exquisite heirloom collection. At our luxury studios, we treat every single frame as a distinct canvas, utilizing advanced optical designs and strict capture guidelines to achieve this standard of visual excellence. We have designed a cohesive approach that balances soft, ambient lighting with crisp focus fields, ensuring that your final galleries feel noticeability premium, alive, and emotionally resonant.

To achieve an editorial look that rivals international publications, the technical production phase must be managed with absolute diligence. Our professional gear lists feature dual-slot mirrorless systems, including the Nikon Z6 III and Sony FX3 cinema platforms, which capture immense dynamic range. We utilize prime lens systems with wide maximum apertures, enabling our crew to control focus fields tightly and produce smooth background separation. This technical depth is particularly vital during key moments of <strong>Couple Photoshoot</strong>, as it allows us to isolate subjects cleanly from busy visual backdrops. Beyond equipment, light coordination is the true benchmark of luxury photography. Whether we are utilizing the soft golden sun of early evening or employing our custom-balanced off-camera flash units, we balance highlight gradients carefully to preserve natural skin textures and color fidelity.

Our commitment to authenticity is represented by our 100% Identity Promise. In an era where artificial intelligence and synthetic filters are frequently used to modify human appearances, we have chosen a different path. We guarantee that your final portraits will be entirely free of digital face-swapping, artificial skin whitening, or computer-generated facial alterations. Our post-production pipeline focuses exclusively on clean color correction, highlight reclamation, and micro-contrast enhancement. This ensures that the individuals in our photographs look like themselves on their absolute best day — preserving their genuine identity, expressions, and natural beauty. Our clients trust us because they know their legacy albums will reflect their true visual identity, capturing their milestones with honesty and grace.

The planning phase is the foundation upon which all successful visual stories are built. Long before our crew arrives on set, we conduct thorough styling, conceptual coordination, and venue walkthroughs. During this stage, we analyze color stories, architectural angles, and light directions to formulate a definitive shoot plan. We believe that proper wardrobe coordination is essential for creating high-end imagery; we recommend neutral palettes, jewel tones, and fine fabrics that complement rather than clash with the environment. By aligning styling variables early, we allow the session day to flow with relaxed ease, giving the subjects the space to act naturally and enjoy the experience. This collaborative process ensures that there are no surprises, only beautiful, unforced moments that capture your true chemistry.

During an active shoot session, our crew operates with structured discretion. Rather than directing subjects into rigid, uncomfortable poses, we use natural prompts that elicit genuine smiles, quiet glances, and authentic laughter. This approach is particularly effective for <strong>Couple Photoshoot</strong>, where emotional resonance is the ultimate goal. We observe local details, clothing textures, and light reflections, capturing the complete atmosphere of the event. Our team remains attentive and prepared, anticipating key moments to ensure they are recorded with perfect timing. By maintaining a calm, supportive presence, we enable our subjects to build rapport with the camera, yielding relaxed, editorial imagery that speaks volumes.

Post-production is where the raw files are crafted into their final, signature look. Our dedicated editing team reviews the complete set, culling duplicates to compile a cohesive, narrative sequence. We apply custom-built color profiles that enhance warm amber tones and rich dark gradients while maintaining perfect color balance. Every selected image undergoes careful highlight adjustments to ensure that the delicate details of wedding gowns, family heirlooms, or child smiles are visible. The final collection is uploaded to a secure, password-protected private gallery portal, allowing you to download high-resolution files and share them with loved ones easily. We also offer custom-designed fine-art albums, printed on archival cotton papers and hand-bound in leather, ensuring your milestones survive as physical legacies.

Investing in professional photography is ultimately an investment in your family's visual legacy. As years pass, digital links may be updated, but a physical fine-art album remains a permanent centerpiece of your home. It becomes the tangible record that future generations will explore to connect with your story, trace their roots, and feel the love and joy of your milestones. Our dual-branch structure across Delhi NCR and Amritsar allows us to deliver this premium standard of service across Northern India with consistent operational excellence. We limit our seasonal bookings strictly to guarantee that every client receives our complete focus and creative energy, resulting in a bespoke product that represents the peak of modern luxury visual art.","Pre-shoot briefing and theme development planning
Natural posing guidance ensuring comfortable chemistry
High-resolution edited digital files with printing rights
Outdoor golden-hour or intimate indoor lifestyle setting
Bespoke digital gallery with sharing functionality
Mobile-optimized photo portfolio booklet","Chemistry & Vibe Consultation
Scenic Location Walkthrough
Soft Light Chemistry Session
Gradients & Shadows Fine Editing
Digital Album & Sharing Delivery",Luxury Couple Photoshoot in Amritsar | Fine-Art Photographer,Document your couple photoshoot in Amritsar. {brand_name} offers premium editorial photography capturing authentic moments across Punjab.,"For families and couples seeking a premium <strong>Couple Photoshoot in Amritsar</strong>, the historical landscape of Punjab offers an unparalleled backdrop. Amritsar is not merely a location; it is a profound visual canvas rich with cultural weight, textured brick architecture, and golden solar gradients. When documenting milestones here, our Amritsar branch crew utilizes the unique geometry of heritage locations, including the fortress walls of Fort Gobindgarh, the rustic arches of old-city havelis, and the serene manicured grounds of Ram Bagh. The warm, terracotta brickwork and historic wooden doors of Punjab provide a natural color contrast when paired with modern, elegant wardrobe choices. By planning shoots around the sun's trajectory in these open environments, we leverage soft light to sculpt faces naturally, maintaining complete identity accuracy without the need for artificial filters.

Executing high-end photography in Amritsar requires a deep understanding of local light behavior and peak seasonal timing. The golden hour in Amritsar is famously soft, delivering a warm amber glow that enhances skin tones and highlights clothing details beautifully. Our local team conducts detailed scouting of locations like Ranjit Avenue, heritage haveli estates, and luxury hotels such as Hyatt Regency Amritsar and Taj Swarna. This allows us to map lighting patterns and shadows in advance, ensuring our Nikon Z6 III and Sony FX3 systems are calibrated perfectly for the local environment. We schedule sessions during the early morning or late afternoon hours when the sun is low, avoiding the harsh overhead shadows of midday and providing our clients with a relaxed, comfortable experience.

Our Amritsar studio is fully equipped to deliver the highest international standards of luxury photography. For maternity, newborn, and baby photoshoot sessions, we maintain a strictly sanitized, temperature-controlled environment that follows medical-grade hygiene protocols. All props, organic wraps, and clothing sets are thoroughly sanitized between sessions to ensure the complete safety of your little ones. Our local Amritsar team is dedicated to preserving the authentic spirit of Punjab, documenting family legacies, joyful milestones, and wedding celebrations with unretouched honesty. We invite you to visit our Ranjit Avenue studio to explore our physical fine-art albums and discuss how we can document your legacy story beautifully.",<p>Ready to capture your couple photoshoot in the heritage city of Amritsar? Connect with our Ranjit Avenue studio today via WhatsApp or our booking form to check date availability and review packages.</p>,"[{""question"": ""What is your turnaround time for final couple photoshoot photos?"", ""answer"": ""We deliver a highlight gallery within 7 days of the shoot. The complete, fully edited digital collection is delivered within 6 to 8 weeks, ensuring high-end retouching standards."", ""order"": 1}, {""question"": ""What is your policy on RAW / unedited couple photoshoot files?"", ""answer"": ""To maintain our brand standards and editorial quality, we do not release raw or unedited files. Every photograph in your gallery is carefully culled, color-balanced, and polished."", ""order"": 2}, {""question"": ""Do you travel for couple photoshoot sessions outside Delhi or Amritsar?"", ""answer"": ""Yes, our team frequently travels across India and internationally for assignments. Travel and accommodation fees are quoted transparently during booking."", ""order"": 3}, {""question"": ""How do you ensure data security during the couple photoshoot photoshoot?"", ""answer"": ""Our primary cameras record to dual card slots in real-time, providing immediate data redundancy. All files are immediately copied to encrypted local drives at the end of the session."", ""order"": 4}, {""question"": ""What wardrobe styles do you recommend for couple photoshoot?"", ""answer"": ""We recommend solid, cohesive tones (jewel colors, neutral shades, or soft pastels) and styling that avoids busy patterns. A wardrobe guide is shared prior to the shoot."", ""order"": 5}, {""question"": ""Can we customize our couple photoshoot packages?"", ""answer"": ""Absolutely. We offer tailored collections that adapt to your schedule, coverage needs, and specific print album requirements. Let us know your vision during your consultation."", ""order"": 6}, {""question"": ""What is your 100% Identity Promise?"", ""answer"": ""We pledge never to alter your facial features, whiten skin artificially, or apply synthetic face-swapping filters. We capture you naturally and authentically, at your absolute best."", ""order"": 7}, {""question"": ""How far in advance should we book?"", ""answer"": ""We recommend booking 3 to 6 months in advance for standard portraits, and 6 to 12 months in advance for peak wedding season commissions."", ""order"": 8}, {""question"": ""Do you offer custom print albums?"", ""answer"": ""Yes, we source hand-crafted, fine-art albums printed on archival paper. We custom-design the layout for each couple or family to deliver a true heirloom product."", ""order"": 9}, {""question"": ""Is makeup and hair styling included?"", ""answer"": ""Depending on the package, makeup and hair services can be bundled or coordinated with our partner stylists. We assist in styling recommendations for all sessions."", ""order"": 10}]",Premium Couple Photoshoot Delhi NCR | Editorial Photography,Looking for a luxury photographer for couple photoshoot in Delhi NCR? Contact {brand_name} for high-end portraits and cinematic films.,"The sprawling metropolitan landscape of Delhi NCR offers a dynamic mix of architectural eras, grand estates, and lush manicured parks, making it a spectacular canvas for <strong>Couple Photoshoot in Delhi NCR</strong>. From the clean, symmetrical geometry of Lutyens' Delhi and the artistic murals of the Lodhi Art District to the grand, high-ceiling ballrooms of Chanakyapuri and the sprawling farmhouses of Chattarpur, the visual choices are virtually limitless. Our Delhi NCR branch crew specializes in composing editorial portraits that utilize these diverse backdrops to tell sophisticated, modern stories. We select locations that provide ample physical depth, allowing us to use telephoto lenses to create a soft, creamy background blur that isolates our subjects beautifully against the city's lines.

Operating a luxury photography house in the capital region requires exceptional logistical planning and technical adaptiveness. The ambient light of Delhi NCR is highly variable, affected by seasonal changes and metropolitan textures. To capture pristine imagery, our Delhi crew leverages a combination of natural golden-hour sunlight and advanced, color-balanced off-camera lighting arrays. When shooting inside elite venues like Taj Palace Delhi, The Leela Ambience Gurugram, or ITC Maurya, we sync our flash units to match the ambient warm light of the ballrooms, ensuring skin tones remain natural and free of distracting color casts. This meticulous approach to lighting allows us to deliver high-resolution files that maintain incredible detail across highlights and deep shadows alike.

Our Delhi NCR branch serves Gurugram, Noida, South Delhi, Aerocity, and surrounding areas, delivering a seamless, premium client experience from the initial consultation to the final gallery delivery. Whether you are hosting a grand wedding gala at a luxury farmhouse or scheduling an intimate milestone photoshoot in our professional studio, we apply the same strict standards of safety, privacy, and artistic integrity. We offer a strict 100% Identity Promise, guaranteeing your photographs will feature zero artificial face-swapping or skin whitening, preserving your true essence. Contact our Delhi NCR studio today to discuss custom shoot concepts, verify date availability, and begin planning your visual legacy.","<p>Plan your editorial couple photoshoot session in Delhi NCR. Get in touch with our metropolitan branch to discuss locations, custom styling guidelines, and package options.</p>","[{""question"": ""What is your turnaround time for final couple photoshoot photos?"", ""answer"": ""We deliver a highlight gallery within 7 days of the shoot. The complete, fully edited digital collection is delivered within 6 to 8 weeks, ensuring high-end retouching standards."", ""order"": 1}, {""question"": ""What is your policy on RAW / unedited couple photoshoot files?"", ""answer"": ""To maintain our brand standards and editorial quality, we do not release raw or unedited files. Every photograph in your gallery is carefully culled, color-balanced, and polished."", ""order"": 2}, {""question"": ""Do you travel for couple photoshoot sessions outside Delhi or Amritsar?"", ""answer"": ""Yes, our team frequently travels across India and internationally for assignments. Travel and accommodation fees are quoted transparently during booking."", ""order"": 3}, {""question"": ""How do you ensure data security during the couple photoshoot photoshoot?"", ""answer"": ""Our primary cameras record to dual card slots in real-time, providing immediate data redundancy. All files are immediately copied to encrypted local drives at the end of the session."", ""order"": 4}, {""question"": ""What wardrobe styles do you recommend for couple photoshoot?"", ""answer"": ""We recommend solid, cohesive tones (jewel colors, neutral shades, or soft pastels) and styling that avoids busy patterns. A wardrobe guide is shared prior to the shoot."", ""order"": 5}, {""question"": ""Can we customize our couple photoshoot packages?"", ""answer"": ""Absolutely. We offer tailored collections that adapt to your schedule, coverage needs, and specific print album requirements. Let us know your vision during your consultation."", ""order"": 6}, {""question"": ""What is your 100% Identity Promise?"", ""answer"": ""We pledge never to alter your facial features, whiten skin artificially, or apply synthetic face-swapping filters. We capture you naturally and authentically, at your absolute best."", ""order"": 7}, {""question"": ""How far in advance should we book?"", ""answer"": ""We recommend booking 3 to 6 months in advance for standard portraits, and 6 to 12 months in advance for peak wedding season commissions."", ""order"": 8}, {""question"": ""Do you offer custom print albums?"", ""answer"": ""Yes, we source hand-crafted, fine-art albums printed on archival paper. We custom-design the layout for each couple or family to deliver a true heirloom product."", ""order"": 9}, {""question"": ""Is makeup and hair styling included?"", ""answer"": ""Depending on the package, makeup and hair services can be bundled or coordinated with our partner stylists. We assist in styling recommendations for all sessions."", ""order"": 10}]","[{""name"": ""Editorial Collection"", ""price"": ""₹55,000"", ""description"": ""A sophisticated couple photoshoot package designed for premium digital delivery and basic print needs."", ""features"": [""Up to 4 hours of dedicated on-location session coverage"", ""Fully retouched high-resolution digital files"", ""Private online gallery with password-protected sharing access"", ""Pre-shoot wardrobe and conceptual concept briefing"", ""Dual-card real-time backup security""]}, {""name"": ""Royal Heirloom Collection"", ""price"": ""₹88,000"", ""description"": ""Our signature full-service couple photoshoot collection providing absolute coverage, comprehensive styling, and custom physical legacy albums."", ""features"": [""Full day session coverage (up to 8 hours)"", ""Complete high-resolution digital archive with print release"", ""Custom designed, hand-bound leather fine-art album (40 pages)"", ""16x24 premium canvas wall print ready for display"", ""Complimentary behind-the-scenes cinematic teaser video reel"", ""Dedicated primary and secondary camera operators""]}]"
Studio Photography,studio-photography,🏛️,🏛️,,both,False,140,commercial,"₹40,000","studio photography, professional portrait, studio photoshoot",Professional Studio Photography | Fine-Art Portraiture,"Expert studio photography utilising premium light controls. High-fashion bridal solos, executive headshots, and editorial portfolios.","Editorial studio sessions leveraging premium controlled lighting systems for high-fashion bridal portraits, kids solos, or legacy profiles.","In the field of high-end visual documentation, the art of <strong>Studio Photography</strong> represents a profound alignment of technical precision, creative vision, and emotional sensitivity. When undertaking a professional assignment, the modern digital creator must recognize that client expectations have shifted from basic documentative photography to an immersive, editorial narrative. A truly premium visual story does not merely record a timeline of events; it elevates everyday interactions, fleeting emotions, and subtle architectural spaces into an exquisite heirloom collection. At our luxury studios, we treat every single frame as a distinct canvas, utilizing advanced optical designs and strict capture guidelines to achieve this standard of visual excellence. We have designed a cohesive approach that balances soft, ambient lighting with crisp focus fields, ensuring that your final galleries feel noticeability premium, alive, and emotionally resonant.

To achieve an editorial look that rivals international publications, the technical production phase must be managed with absolute diligence. Our professional gear lists feature dual-slot mirrorless systems, including the Nikon Z6 III and Sony FX3 cinema platforms, which capture immense dynamic range. We utilize prime lens systems with wide maximum apertures, enabling our crew to control focus fields tightly and produce smooth background separation. This technical depth is particularly vital during key moments of <strong>Studio Photography</strong>, as it allows us to isolate subjects cleanly from busy visual backdrops. Beyond equipment, light coordination is the true benchmark of luxury photography. Whether we are utilizing the soft golden sun of early evening or employing our custom-balanced off-camera flash units, we balance highlight gradients carefully to preserve natural skin textures and color fidelity.

Our commitment to authenticity is represented by our 100% Identity Promise. In an era where artificial intelligence and synthetic filters are frequently used to modify human appearances, we have chosen a different path. We guarantee that your final portraits will be entirely free of digital face-swapping, artificial skin whitening, or computer-generated facial alterations. Our post-production pipeline focuses exclusively on clean color correction, highlight reclamation, and micro-contrast enhancement. This ensures that the individuals in our photographs look like themselves on their absolute best day — preserving their genuine identity, expressions, and natural beauty. Our clients trust us because they know their legacy albums will reflect their true visual identity, capturing their milestones with honesty and grace.

The planning phase is the foundation upon which all successful visual stories are built. Long before our crew arrives on set, we conduct thorough styling, conceptual coordination, and venue walkthroughs. During this stage, we analyze color stories, architectural angles, and light directions to formulate a definitive shoot plan. We believe that proper wardrobe coordination is essential for creating high-end imagery; we recommend neutral palettes, jewel tones, and fine fabrics that complement rather than clash with the environment. By aligning styling variables early, we allow the session day to flow with relaxed ease, giving the subjects the space to act naturally and enjoy the experience. This collaborative process ensures that there are no surprises, only beautiful, unforced moments that capture your true chemistry.

During an active shoot session, our crew operates with structured discretion. Rather than directing subjects into rigid, uncomfortable poses, we use natural prompts that elicit genuine smiles, quiet glances, and authentic laughter. This approach is particularly effective for <strong>Studio Photography</strong>, where emotional resonance is the ultimate goal. We observe local details, clothing textures, and light reflections, capturing the complete atmosphere of the event. Our team remains attentive and prepared, anticipating key moments to ensure they are recorded with perfect timing. By maintaining a calm, supportive presence, we enable our subjects to build rapport with the camera, yielding relaxed, editorial imagery that speaks volumes.

Post-production is where the raw files are crafted into their final, signature look. Our dedicated editing team reviews the complete set, culling duplicates to compile a cohesive, narrative sequence. We apply custom-built color profiles that enhance warm amber tones and rich dark gradients while maintaining perfect color balance. Every selected image undergoes careful highlight adjustments to ensure that the delicate details of wedding gowns, family heirlooms, or child smiles are visible. The final collection is uploaded to a secure, password-protected private gallery portal, allowing you to download high-resolution files and share them with loved ones easily. We also offer custom-designed fine-art albums, printed on archival cotton papers and hand-bound in leather, ensuring your milestones survive as physical legacies.

Investing in professional photography is ultimately an investment in your family's visual legacy. As years pass, digital links may be updated, but a physical fine-art album remains a permanent centerpiece of your home. It becomes the tangible record that future generations will explore to connect with your story, trace their roots, and feel the love and joy of your milestones. Our dual-branch structure across Delhi NCR and Amritsar allows us to deliver this premium standard of service across Northern India with consistent operational excellence. We limit our seasonal bookings strictly to guarantee that every client receives our complete focus and creative energy, resulting in a bespoke product that represents the peak of modern luxury visual art.","Controlled studio lighting setups (softboxes, beauty dishes)
Multiple backdrops (classic grey, ivory, warm beige, black)
High-resolution fully retouched digital files via portal
Ideal for high-fashion bridal solos and fine-art portraits
Complimentary styling advice and posing assistance
Fast-tracked delivery options available","Lighting & Backdrop Set Customization
Technical Light-Meter Setup
Editorial Portrait Session
Advanced Blemish-Free Color Retouching
Digital Portfolio Delivery",Luxury Studio Photography in Amritsar | Fine-Art Photographer,Document your studio photography in Amritsar. {brand_name} offers premium editorial photography capturing authentic moments across Punjab.,"For families and couples seeking a premium <strong>Studio Photography in Amritsar</strong>, the historical landscape of Punjab offers an unparalleled backdrop. Amritsar is not merely a location; it is a profound visual canvas rich with cultural weight, textured brick architecture, and golden solar gradients. When documenting milestones here, our Amritsar branch crew utilizes the unique geometry of heritage locations, including the fortress walls of Fort Gobindgarh, the rustic arches of old-city havelis, and the serene manicured grounds of Ram Bagh. The warm, terracotta brickwork and historic wooden doors of Punjab provide a natural color contrast when paired with modern, elegant wardrobe choices. By planning shoots around the sun's trajectory in these open environments, we leverage soft light to sculpt faces naturally, maintaining complete identity accuracy without the need for artificial filters.

Executing high-end photography in Amritsar requires a deep understanding of local light behavior and peak seasonal timing. The golden hour in Amritsar is famously soft, delivering a warm amber glow that enhances skin tones and highlights clothing details beautifully. Our local team conducts detailed scouting of locations like Ranjit Avenue, heritage haveli estates, and luxury hotels such as Hyatt Regency Amritsar and Taj Swarna. This allows us to map lighting patterns and shadows in advance, ensuring our Nikon Z6 III and Sony FX3 systems are calibrated perfectly for the local environment. We schedule sessions during the early morning or late afternoon hours when the sun is low, avoiding the harsh overhead shadows of midday and providing our clients with a relaxed, comfortable experience.

Our Amritsar studio is fully equipped to deliver the highest international standards of luxury photography. For maternity, newborn, and baby photoshoot sessions, we maintain a strictly sanitized, temperature-controlled environment that follows medical-grade hygiene protocols. All props, organic wraps, and clothing sets are thoroughly sanitized between sessions to ensure the complete safety of your little ones. Our local Amritsar team is dedicated to preserving the authentic spirit of Punjab, documenting family legacies, joyful milestones, and wedding celebrations with unretouched honesty. We invite you to visit our Ranjit Avenue studio to explore our physical fine-art albums and discuss how we can document your legacy story beautifully.",<p>Ready to capture your studio photography in the heritage city of Amritsar? Connect with our Ranjit Avenue studio today via WhatsApp or our booking form to check date availability and review packages.</p>,"[{""question"": ""What is your turnaround time for final studio photography photos?"", ""answer"": ""We deliver a highlight gallery within 7 days of the shoot. The complete, fully edited digital collection is delivered within 6 to 8 weeks, ensuring high-end retouching standards."", ""order"": 1}, {""question"": ""What is your policy on RAW / unedited studio photography files?"", ""answer"": ""To maintain our brand standards and editorial quality, we do not release raw or unedited files. Every photograph in your gallery is carefully culled, color-balanced, and polished."", ""order"": 2}, {""question"": ""Do you travel for studio photography sessions outside Delhi or Amritsar?"", ""answer"": ""Yes, our team frequently travels across India and internationally for assignments. Travel and accommodation fees are quoted transparently during booking."", ""order"": 3}, {""question"": ""How do you ensure data security during the studio photography photoshoot?"", ""answer"": ""Our primary cameras record to dual card slots in real-time, providing immediate data redundancy. All files are immediately copied to encrypted local drives at the end of the session."", ""order"": 4}, {""question"": ""What wardrobe styles do you recommend for studio photography?"", ""answer"": ""We recommend solid, cohesive tones (jewel colors, neutral shades, or soft pastels) and styling that avoids busy patterns. A wardrobe guide is shared prior to the shoot."", ""order"": 5}, {""question"": ""Can we customize our studio photography packages?"", ""answer"": ""Absolutely. We offer tailored collections that adapt to your schedule, coverage needs, and specific print album requirements. Let us know your vision during your consultation."", ""order"": 6}, {""question"": ""What is your 100% Identity Promise?"", ""answer"": ""We pledge never to alter your facial features, whiten skin artificially, or apply synthetic face-swapping filters. We capture you naturally and authentically, at your absolute best."", ""order"": 7}, {""question"": ""How far in advance should we book?"", ""answer"": ""We recommend booking 3 to 6 months in advance for standard portraits, and 6 to 12 months in advance for peak wedding season commissions."", ""order"": 8}, {""question"": ""Do you offer custom print albums?"", ""answer"": ""Yes, we source hand-crafted, fine-art albums printed on archival paper. We custom-design the layout for each couple or family to deliver a true heirloom product."", ""order"": 9}, {""question"": ""Is makeup and hair styling included?"", ""answer"": ""Depending on the package, makeup and hair services can be bundled or coordinated with our partner stylists. We assist in styling recommendations for all sessions."", ""order"": 10}]",Premium Studio Photography Delhi NCR | Editorial Photography,Looking for a luxury photographer for studio photography in Delhi NCR? Contact {brand_name} for high-end portraits and cinematic films.,"The sprawling metropolitan landscape of Delhi NCR offers a dynamic mix of architectural eras, grand estates, and lush manicured parks, making it a spectacular canvas for <strong>Studio Photography in Delhi NCR</strong>. From the clean, symmetrical geometry of Lutyens' Delhi and the artistic murals of the Lodhi Art District to the grand, high-ceiling ballrooms of Chanakyapuri and the sprawling farmhouses of Chattarpur, the visual choices are virtually limitless. Our Delhi NCR branch crew specializes in composing editorial portraits that utilize these diverse backdrops to tell sophisticated, modern stories. We select locations that provide ample physical depth, allowing us to use telephoto lenses to create a soft, creamy background blur that isolates our subjects beautifully against the city's lines.

Operating a luxury photography house in the capital region requires exceptional logistical planning and technical adaptiveness. The ambient light of Delhi NCR is highly variable, affected by seasonal changes and metropolitan textures. To capture pristine imagery, our Delhi crew leverages a combination of natural golden-hour sunlight and advanced, color-balanced off-camera lighting arrays. When shooting inside elite venues like Taj Palace Delhi, The Leela Ambience Gurugram, or ITC Maurya, we sync our flash units to match the ambient warm light of the ballrooms, ensuring skin tones remain natural and free of distracting color casts. This meticulous approach to lighting allows us to deliver high-resolution files that maintain incredible detail across highlights and deep shadows alike.

Our Delhi NCR branch serves Gurugram, Noida, South Delhi, Aerocity, and surrounding areas, delivering a seamless, premium client experience from the initial consultation to the final gallery delivery. Whether you are hosting a grand wedding gala at a luxury farmhouse or scheduling an intimate milestone photoshoot in our professional studio, we apply the same strict standards of safety, privacy, and artistic integrity. We offer a strict 100% Identity Promise, guaranteeing your photographs will feature zero artificial face-swapping or skin whitening, preserving your true essence. Contact our Delhi NCR studio today to discuss custom shoot concepts, verify date availability, and begin planning your visual legacy.","<p>Plan your editorial studio photography session in Delhi NCR. Get in touch with our metropolitan branch to discuss locations, custom styling guidelines, and package options.</p>","[{""question"": ""What is your turnaround time for final studio photography photos?"", ""answer"": ""We deliver a highlight gallery within 7 days of the shoot. The complete, fully edited digital collection is delivered within 6 to 8 weeks, ensuring high-end retouching standards."", ""order"": 1}, {""question"": ""What is your policy on RAW / unedited studio photography files?"", ""answer"": ""To maintain our brand standards and editorial quality, we do not release raw or unedited files. Every photograph in your gallery is carefully culled, color-balanced, and polished."", ""order"": 2}, {""question"": ""Do you travel for studio photography sessions outside Delhi or Amritsar?"", ""answer"": ""Yes, our team frequently travels across India and internationally for assignments. Travel and accommodation fees are quoted transparently during booking."", ""order"": 3}, {""question"": ""How do you ensure data security during the studio photography photoshoot?"", ""answer"": ""Our primary cameras record to dual card slots in real-time, providing immediate data redundancy. All files are immediately copied to encrypted local drives at the end of the session."", ""order"": 4}, {""question"": ""What wardrobe styles do you recommend for studio photography?"", ""answer"": ""We recommend solid, cohesive tones (jewel colors, neutral shades, or soft pastels) and styling that avoids busy patterns. A wardrobe guide is shared prior to the shoot."", ""order"": 5}, {""question"": ""Can we customize our studio photography packages?"", ""answer"": ""Absolutely. We offer tailored collections that adapt to your schedule, coverage needs, and specific print album requirements. Let us know your vision during your consultation."", ""order"": 6}, {""question"": ""What is your 100% Identity Promise?"", ""answer"": ""We pledge never to alter your facial features, whiten skin artificially, or apply synthetic face-swapping filters. We capture you naturally and authentically, at your absolute best."", ""order"": 7}, {""question"": ""How far in advance should we book?"", ""answer"": ""We recommend booking 3 to 6 months in advance for standard portraits, and 6 to 12 months in advance for peak wedding season commissions."", ""order"": 8}, {""question"": ""Do you offer custom print albums?"", ""answer"": ""Yes, we source hand-crafted, fine-art albums printed on archival paper. We custom-design the layout for each couple or family to deliver a true heirloom product."", ""order"": 9}, {""question"": ""Is makeup and hair styling included?"", ""answer"": ""Depending on the package, makeup and hair services can be bundled or coordinated with our partner stylists. We assist in styling recommendations for all sessions."", ""order"": 10}]","[{""name"": ""Editorial Collection"", ""price"": ""₹40,000"", ""description"": ""A sophisticated studio photography package designed for premium digital delivery and basic print needs."", ""features"": [""Up to 4 hours of dedicated on-location session coverage"", ""Fully retouched high-resolution digital files"", ""Private online gallery with password-protected sharing access"", ""Pre-shoot wardrobe and conceptual concept briefing"", ""Dual-card real-time backup security""]}, {""name"": ""Royal Heirloom Collection"", ""price"": ""₹64,000"", ""description"": ""Our signature full-service studio photography collection providing absolute coverage, comprehensive styling, and custom physical legacy albums."", ""features"": [""Full day session coverage (up to 8 hours)"", ""Complete high-resolution digital archive with print release"", ""Custom designed, hand-bound leather fine-art album (40 pages)"", ""16x24 premium canvas wall print ready for display"", ""Complimentary behind-the-scenes cinematic teaser video reel"", ""Dedicated primary and secondary camera operators""]}]"
Outdoor Photography,outdoor-photography,🌳,🌳,,both,False,150,commercial,"₹50,000","outdoor photography, natural light shoot, outdoor photoshoot",Natural Light Outdoor Photography | Scenic Portraits,"Capture your milestones outdoors. Natural light photography sessions in heritage structures, lush gardens, and scenic landscapes.","Scenic outdoor photography utilizing golden-hour sunlight and natural framing for couples, maternity, and legacy family stories.","In the field of high-end visual documentation, the art of <strong>Outdoor Photography</strong> represents a profound alignment of technical precision, creative vision, and emotional sensitivity. When undertaking a professional assignment, the modern digital creator must recognize that client expectations have shifted from basic documentative photography to an immersive, editorial narrative. A truly premium visual story does not merely record a timeline of events; it elevates everyday interactions, fleeting emotions, and subtle architectural spaces into an exquisite heirloom collection. At our luxury studios, we treat every single frame as a distinct canvas, utilizing advanced optical designs and strict capture guidelines to achieve this standard of visual excellence. We have designed a cohesive approach that balances soft, ambient lighting with crisp focus fields, ensuring that your final galleries feel noticeability premium, alive, and emotionally resonant.

To achieve an editorial look that rivals international publications, the technical production phase must be managed with absolute diligence. Our professional gear lists feature dual-slot mirrorless systems, including the Nikon Z6 III and Sony FX3 cinema platforms, which capture immense dynamic range. We utilize prime lens systems with wide maximum apertures, enabling our crew to control focus fields tightly and produce smooth background separation. This technical depth is particularly vital during key moments of <strong>Outdoor Photography</strong>, as it allows us to isolate subjects cleanly from busy visual backdrops. Beyond equipment, light coordination is the true benchmark of luxury photography. Whether we are utilizing the soft golden sun of early evening or employing our custom-balanced off-camera flash units, we balance highlight gradients carefully to preserve natural skin textures and color fidelity.

Our commitment to authenticity is represented by our 100% Identity Promise. In an era where artificial intelligence and synthetic filters are frequently used to modify human appearances, we have chosen a different path. We guarantee that your final portraits will be entirely free of digital face-swapping, artificial skin whitening, or computer-generated facial alterations. Our post-production pipeline focuses exclusively on clean color correction, highlight reclamation, and micro-contrast enhancement. This ensures that the individuals in our photographs look like themselves on their absolute best day — preserving their genuine identity, expressions, and natural beauty. Our clients trust us because they know their legacy albums will reflect their true visual identity, capturing their milestones with honesty and grace.

The planning phase is the foundation upon which all successful visual stories are built. Long before our crew arrives on set, we conduct thorough styling, conceptual coordination, and venue walkthroughs. During this stage, we analyze color stories, architectural angles, and light directions to formulate a definitive shoot plan. We believe that proper wardrobe coordination is essential for creating high-end imagery; we recommend neutral palettes, jewel tones, and fine fabrics that complement rather than clash with the environment. By aligning styling variables early, we allow the session day to flow with relaxed ease, giving the subjects the space to act naturally and enjoy the experience. This collaborative process ensures that there are no surprises, only beautiful, unforced moments that capture your true chemistry.

During an active shoot session, our crew operates with structured discretion. Rather than directing subjects into rigid, uncomfortable poses, we use natural prompts that elicit genuine smiles, quiet glances, and authentic laughter. This approach is particularly effective for <strong>Outdoor Photography</strong>, where emotional resonance is the ultimate goal. We observe local details, clothing textures, and light reflections, capturing the complete atmosphere of the event. Our team remains attentive and prepared, anticipating key moments to ensure they are recorded with perfect timing. By maintaining a calm, supportive presence, we enable our subjects to build rapport with the camera, yielding relaxed, editorial imagery that speaks volumes.

Post-production is where the raw files are crafted into their final, signature look. Our dedicated editing team reviews the complete set, culling duplicates to compile a cohesive, narrative sequence. We apply custom-built color profiles that enhance warm amber tones and rich dark gradients while maintaining perfect color balance. Every selected image undergoes careful highlight adjustments to ensure that the delicate details of wedding gowns, family heirlooms, or child smiles are visible. The final collection is uploaded to a secure, password-protected private gallery portal, allowing you to download high-resolution files and share them with loved ones easily. We also offer custom-designed fine-art albums, printed on archival cotton papers and hand-bound in leather, ensuring your milestones survive as physical legacies.

Investing in professional photography is ultimately an investment in your family's visual legacy. As years pass, digital links may be updated, but a physical fine-art album remains a permanent centerpiece of your home. It becomes the tangible record that future generations will explore to connect with your story, trace their roots, and feel the love and joy of your milestones. Our dual-branch structure across Delhi NCR and Amritsar allows us to deliver this premium standard of service across Northern India with consistent operational excellence. We limit our seasonal bookings strictly to guarantee that every client receives our complete focus and creative energy, resulting in a bespoke product that represents the peak of modern luxury visual art.","On-location outdoor session in curated parks/estates
Scouting report for solar positioning and shadows
High-resolution clean edited digital files via gallery
Ideal for lively family legacy pictures and active kids
Natural posing prompts creating real motion frames
Complimentary travel within city municipal limits","Solar Schedule & Location Scouting
Golden Hour Dynamic Setup
Scenic Motion Portraiture Session
Natural Contrast Color Correction
Digital Scenic Gallery Delivery",Luxury Outdoor Photography in Amritsar | Fine-Art Photographer,Document your outdoor photography in Amritsar. {brand_name} offers premium editorial photography capturing authentic moments across Punjab.,"For families and couples seeking a premium <strong>Outdoor Photography in Amritsar</strong>, the historical landscape of Punjab offers an unparalleled backdrop. Amritsar is not merely a location; it is a profound visual canvas rich with cultural weight, textured brick architecture, and golden solar gradients. When documenting milestones here, our Amritsar branch crew utilizes the unique geometry of heritage locations, including the fortress walls of Fort Gobindgarh, the rustic arches of old-city havelis, and the serene manicured grounds of Ram Bagh. The warm, terracotta brickwork and historic wooden doors of Punjab provide a natural color contrast when paired with modern, elegant wardrobe choices. By planning shoots around the sun's trajectory in these open environments, we leverage soft light to sculpt faces naturally, maintaining complete identity accuracy without the need for artificial filters.

Executing high-end photography in Amritsar requires a deep understanding of local light behavior and peak seasonal timing. The golden hour in Amritsar is famously soft, delivering a warm amber glow that enhances skin tones and highlights clothing details beautifully. Our local team conducts detailed scouting of locations like Ranjit Avenue, heritage haveli estates, and luxury hotels such as Hyatt Regency Amritsar and Taj Swarna. This allows us to map lighting patterns and shadows in advance, ensuring our Nikon Z6 III and Sony FX3 systems are calibrated perfectly for the local environment. We schedule sessions during the early morning or late afternoon hours when the sun is low, avoiding the harsh overhead shadows of midday and providing our clients with a relaxed, comfortable experience.

Our Amritsar studio is fully equipped to deliver the highest international standards of luxury photography. For maternity, newborn, and baby photoshoot sessions, we maintain a strictly sanitized, temperature-controlled environment that follows medical-grade hygiene protocols. All props, organic wraps, and clothing sets are thoroughly sanitized between sessions to ensure the complete safety of your little ones. Our local Amritsar team is dedicated to preserving the authentic spirit of Punjab, documenting family legacies, joyful milestones, and wedding celebrations with unretouched honesty. We invite you to visit our Ranjit Avenue studio to explore our physical fine-art albums and discuss how we can document your legacy story beautifully.",<p>Ready to capture your outdoor photography in the heritage city of Amritsar? Connect with our Ranjit Avenue studio today via WhatsApp or our booking form to check date availability and review packages.</p>,"[{""question"": ""What is your turnaround time for final outdoor photography photos?"", ""answer"": ""We deliver a highlight gallery within 7 days of the shoot. The complete, fully edited digital collection is delivered within 6 to 8 weeks, ensuring high-end retouching standards."", ""order"": 1}, {""question"": ""What is your policy on RAW / unedited outdoor photography files?"", ""answer"": ""To maintain our brand standards and editorial quality, we do not release raw or unedited files. Every photograph in your gallery is carefully culled, color-balanced, and polished."", ""order"": 2}, {""question"": ""Do you travel for outdoor photography sessions outside Delhi or Amritsar?"", ""answer"": ""Yes, our team frequently travels across India and internationally for assignments. Travel and accommodation fees are quoted transparently during booking."", ""order"": 3}, {""question"": ""How do you ensure data security during the outdoor photography photoshoot?"", ""answer"": ""Our primary cameras record to dual card slots in real-time, providing immediate data redundancy. All files are immediately copied to encrypted local drives at the end of the session."", ""order"": 4}, {""question"": ""What wardrobe styles do you recommend for outdoor photography?"", ""answer"": ""We recommend solid, cohesive tones (jewel colors, neutral shades, or soft pastels) and styling that avoids busy patterns. A wardrobe guide is shared prior to the shoot."", ""order"": 5}, {""question"": ""Can we customize our outdoor photography packages?"", ""answer"": ""Absolutely. We offer tailored collections that adapt to your schedule, coverage needs, and specific print album requirements. Let us know your vision during your consultation."", ""order"": 6}, {""question"": ""What is your 100% Identity Promise?"", ""answer"": ""We pledge never to alter your facial features, whiten skin artificially, or apply synthetic face-swapping filters. We capture you naturally and authentically, at your absolute best."", ""order"": 7}, {""question"": ""How far in advance should we book?"", ""answer"": ""We recommend booking 3 to 6 months in advance for standard portraits, and 6 to 12 months in advance for peak wedding season commissions."", ""order"": 8}, {""question"": ""Do you offer custom print albums?"", ""answer"": ""Yes, we source hand-crafted, fine-art albums printed on archival paper. We custom-design the layout for each couple or family to deliver a true heirloom product."", ""order"": 9}, {""question"": ""Is makeup and hair styling included?"", ""answer"": ""Depending on the package, makeup and hair services can be bundled or coordinated with our partner stylists. We assist in styling recommendations for all sessions."", ""order"": 10}]",Premium Outdoor Photography Delhi NCR | Editorial Photography,Looking for a luxury photographer for outdoor photography in Delhi NCR? Contact {brand_name} for high-end portraits and cinematic films.,"The sprawling metropolitan landscape of Delhi NCR offers a dynamic mix of architectural eras, grand estates, and lush manicured parks, making it a spectacular canvas for <strong>Outdoor Photography in Delhi NCR</strong>. From the clean, symmetrical geometry of Lutyens' Delhi and the artistic murals of the Lodhi Art District to the grand, high-ceiling ballrooms of Chanakyapuri and the sprawling farmhouses of Chattarpur, the visual choices are virtually limitless. Our Delhi NCR branch crew specializes in composing editorial portraits that utilize these diverse backdrops to tell sophisticated, modern stories. We select locations that provide ample physical depth, allowing us to use telephoto lenses to create a soft, creamy background blur that isolates our subjects beautifully against the city's lines.

Operating a luxury photography house in the capital region requires exceptional logistical planning and technical adaptiveness. The ambient light of Delhi NCR is highly variable, affected by seasonal changes and metropolitan textures. To capture pristine imagery, our Delhi crew leverages a combination of natural golden-hour sunlight and advanced, color-balanced off-camera lighting arrays. When shooting inside elite venues like Taj Palace Delhi, The Leela Ambience Gurugram, or ITC Maurya, we sync our flash units to match the ambient warm light of the ballrooms, ensuring skin tones remain natural and free of distracting color casts. This meticulous approach to lighting allows us to deliver high-resolution files that maintain incredible detail across highlights and deep shadows alike.

Our Delhi NCR branch serves Gurugram, Noida, South Delhi, Aerocity, and surrounding areas, delivering a seamless, premium client experience from the initial consultation to the final gallery delivery. Whether you are hosting a grand wedding gala at a luxury farmhouse or scheduling an intimate milestone photoshoot in our professional studio, we apply the same strict standards of safety, privacy, and artistic integrity. We offer a strict 100% Identity Promise, guaranteeing your photographs will feature zero artificial face-swapping or skin whitening, preserving your true essence. Contact our Delhi NCR studio today to discuss custom shoot concepts, verify date availability, and begin planning your visual legacy.","<p>Plan your editorial outdoor photography session in Delhi NCR. Get in touch with our metropolitan branch to discuss locations, custom styling guidelines, and package options.</p>","[{""question"": ""What is your turnaround time for final outdoor photography photos?"", ""answer"": ""We deliver a highlight gallery within 7 days of the shoot. The complete, fully edited digital collection is delivered within 6 to 8 weeks, ensuring high-end retouching standards."", ""order"": 1}, {""question"": ""What is your policy on RAW / unedited outdoor photography files?"", ""answer"": ""To maintain our brand standards and editorial quality, we do not release raw or unedited files. Every photograph in your gallery is carefully culled, color-balanced, and polished."", ""order"": 2}, {""question"": ""Do you travel for outdoor photography sessions outside Delhi or Amritsar?"", ""answer"": ""Yes, our team frequently travels across India and internationally for assignments. Travel and accommodation fees are quoted transparently during booking."", ""order"": 3}, {""question"": ""How do you ensure data security during the outdoor photography photoshoot?"", ""answer"": ""Our primary cameras record to dual card slots in real-time, providing immediate data redundancy. All files are immediately copied to encrypted local drives at the end of the session."", ""order"": 4}, {""question"": ""What wardrobe styles do you recommend for outdoor photography?"", ""answer"": ""We recommend solid, cohesive tones (jewel colors, neutral shades, or soft pastels) and styling that avoids busy patterns. A wardrobe guide is shared prior to the shoot."", ""order"": 5}, {""question"": ""Can we customize our outdoor photography packages?"", ""answer"": ""Absolutely. We offer tailored collections that adapt to your schedule, coverage needs, and specific print album requirements. Let us know your vision during your consultation."", ""order"": 6}, {""question"": ""What is your 100% Identity Promise?"", ""answer"": ""We pledge never to alter your facial features, whiten skin artificially, or apply synthetic face-swapping filters. We capture you naturally and authentically, at your absolute best."", ""order"": 7}, {""question"": ""How far in advance should we book?"", ""answer"": ""We recommend booking 3 to 6 months in advance for standard portraits, and 6 to 12 months in advance for peak wedding season commissions."", ""order"": 8}, {""question"": ""Do you offer custom print albums?"", ""answer"": ""Yes, we source hand-crafted, fine-art albums printed on archival paper. We custom-design the layout for each couple or family to deliver a true heirloom product."", ""order"": 9}, {""question"": ""Is makeup and hair styling included?"", ""answer"": ""Depending on the package, makeup and hair services can be bundled or coordinated with our partner stylists. We assist in styling recommendations for all sessions."", ""order"": 10}]","[{""name"": ""Editorial Collection"", ""price"": ""₹50,000"", ""description"": ""A sophisticated outdoor photography package designed for premium digital delivery and basic print needs."", ""features"": [""Up to 4 hours of dedicated on-location session coverage"", ""Fully retouched high-resolution digital files"", ""Private online gallery with password-protected sharing access"", ""Pre-shoot wardrobe and conceptual concept briefing"", ""Dual-card real-time backup security""]}, {""name"": ""Royal Heirloom Collection"", ""price"": ""₹80,000"", ""description"": ""Our signature full-service outdoor photography collection providing absolute coverage, comprehensive styling, and custom physical legacy albums."", ""features"": [""Full day session coverage (up to 8 hours)"", ""Complete high-resolution digital archive with print release"", ""Custom designed, hand-bound leather fine-art album (40 pages)"", ""16x24 premium canvas wall print ready for display"", ""Complimentary behind-the-scenes cinematic teaser video reel"", ""Dedicated primary and secondary camera operators""]}]"
